county,apn,sale_cycle_id,source_artifact_id,source_document_date,claim_deadline,deadline_verified_at,as_of_date,lifecycle_status,status_reason
Colusa,001-133-009-000,colusa_2025-09-18_and_11-05_sales,sha256:0b52089645e9a6936f97da892cff8a4aed1e8ea4a53aacbec1f1fe687c397d9b,2025-12-15,2026-10-06,2026-08-08,2026-08-08,ACTIVE_CANDIDATE,official source verified + deadline parsed + deadline is future + record exists in the current applicable sale cycle
Colusa,005-320-011-000,colusa_2025-09-18_and_11-05_sales,sha256:0b52089645e9a6936f97da892cff8a4aed1e8ea4a53aacbec1f1fe687c397d9b,2025-12-15,2026-10-23,2026-08-08,2026-08-08,ACTIVE_CANDIDATE,official source verified + deadline parsed + deadline is future + record exists in the current applicable sale cycle
Colusa,010-280-050-000,colusa_2025-09-18_and_11-05_sales,sha256:0b52089645e9a6936f97da892cff8a4aed1e8ea4a53aacbec1f1fe687c397d9b,2025-12-15,2026-10-07,2026-08-08,2026-08-08,ACTIVE_CANDIDATE,official source verified + deadline parsed + deadline is future + record exists in the current applicable sale cycle
Colusa,010-310-019-000,colusa_2025-09-18_and_11-05_sales,sha256:0b52089645e9a6936f97da892cff8a4aed1e8ea4a53aacbec1f1fe687c397d9b,2025-12-15,2026-11-17,2026-08-08,2026-08-08,ACTIVE_CANDIDATE,official source verified + deadline parsed + deadline is future + record exists in the current applicable sale cycle
Colusa,012-025-003-000,colusa_2025-09-18_and_11-05_sales,sha256:0b52089645e9a6936f97da892cff8a4aed1e8ea4a53aacbec1f1fe687c397d9b,2025-12-15,2026-10-06,2026-08-08,2026-08-08,ACTIVE_CANDIDATE,official source verified + deadline parsed + deadline is future + record exists in the current applicable sale cycle
Colusa,015-330-049-000,colusa_2025-09-18_and_11-05_sales,sha256:0b52089645e9a6936f97da892cff8a4aed1e8ea4a53aacbec1f1fe687c397d9b,2025-12-15,2026-10-07,2026-08-08,2026-08-08,ACTIVE_CANDIDATE,official source verified + deadline parsed + deadline is future + record exists in the current applicable sale cycle
Colusa,018-020-010-000,colusa_2025-09-18_and_11-05_sales,sha256:0b52089645e9a6936f97da892cff8a4aed1e8ea4a53aacbec1f1fe687c397d9b,2025-12-15,2026-10-06,2026-08-08,2026-08-08,ACTIVE_CANDIDATE,official source verified + deadline parsed + deadline is future + record exists in the current applicable sale cycle
Colusa,118-010-002-501,colusa_2025-09-18_and_11-05_sales,sha256:0b52089645e9a6936f97da892cff8a4aed1e8ea4a53aacbec1f1fe687c397d9b,2025-12-15,2026-10-02,2026-08-08,2026-08-08,ACTIVE_CANDIDATE,official source verified + deadline parsed + deadline is future + record exists in the current applicable sale cycle
Del Norte,110-221-025-000,delnorte_2026-05-15_sale,sha256:61427de0098fa2b791218d0761902296d0b2aba811b4b33f338411bbbc7e6218,unknown - not printed,2027-05-27,2026-08-08,2026-08-08,ACTIVE_CANDIDATE,official source verified + deadline parsed + deadline is future + record exists in the current applicable sale cycle
Del Norte,116-031-014-000,delnorte_2026-05-15_sale,sha256:61427de0098fa2b791218d0761902296d0b2aba811b4b33f338411bbbc7e6218,unknown - not printed,2027-05-27,2026-08-08,2026-08-08,ACTIVE_CANDIDATE,official source verified + deadline parsed + deadline is future + record exists in the current applicable sale cycle
Del Norte,140-101-003-000,delnorte_2026-05-15_sale,sha256:61427de0098fa2b791218d0761902296d0b2aba811b4b33f338411bbbc7e6218,unknown - not printed,2027-05-27,2026-08-08,2026-08-08,ACTIVE_CANDIDATE,official source verified + deadline parsed + deadline is future + record exists in the current applicable sale cycle
Del Norte,140-101-013-000,delnorte_2026-05-15_sale,sha256:61427de0098fa2b791218d0761902296d0b2aba811b4b33f338411bbbc7e6218,unknown - not printed,2027-05-27,2026-08-08,2026-08-08,ACTIVE_CANDIDATE,official source verified + deadline parsed + deadline is future + record exists in the current applicable sale cycle
Del Norte,140-103-007-000,delnorte_2026-05-15_sale,sha256:61427de0098fa2b791218d0761902296d0b2aba811b4b33f338411bbbc7e6218,unknown - not printed,2027-05-27,2026-08-08,2026-08-08,ACTIVE_CANDIDATE,official source verified + deadline parsed + deadline is future + record exists in the current applicable sale cycle
Del Norte,141-202-006-000,delnorte_2026-05-15_sale,sha256:61427de0098fa2b791218d0761902296d0b2aba811b4b33f338411bbbc7e6218,unknown - not printed,2027-05-27,2026-08-08,2026-08-08,ACTIVE_CANDIDATE,official source verified + deadline parsed + deadline is future + record exists in the current applicable sale cycle
Del Norte,141-202-016-000,delnorte_2026-05-15_sale,sha256:61427de0098fa2b791218d0761902296d0b2aba811b4b33f338411bbbc7e6218,unknown - not printed,2027-05-27,2026-08-08,2026-08-08,ACTIVE_CANDIDATE,official source verified + deadline parsed + deadline is future + record exists in the current applicable sale cycle
Del Norte,141-214-014-000,delnorte_2026-05-15_sale,sha256:61427de0098fa2b791218d0761902296d0b2aba811b4b33f338411bbbc7e6218,unknown - not printed,2027-05-27,2026-08-08,2026-08-08,ACTIVE_CANDIDATE,official source verified + deadline parsed + deadline is future + record exists in the current applicable sale cycle
Del Norte,141-214-015-000,delnorte_2026-05-15_sale,sha256:61427de0098fa2b791218d0761902296d0b2aba811b4b33f338411bbbc7e6218,unknown - not printed,2027-05-27,2026-08-08,2026-08-08,ACTIVE_CANDIDATE,official source verified + deadline parsed + deadline is future + record exists in the current applicable sale cycle
Humboldt,016-232-003-000,humboldt_2026-05-29_sale,sha256:00a5db003df4e847369da852f27462674e355f058e094f787df93b357dbf0ddb,2026-07-09,2027-05-29,2026-08-08,2026-08-08,ACTIVE_CANDIDATE,official source verified + deadline parsed + deadline is future + record exists in the current applicable sale cycle
Humboldt,021-222-006-000,humboldt_2026-05-29_sale,sha256:00a5db003df4e847369da852f27462674e355f058e094f787df93b357dbf0ddb,2026-07-09,2027-05-29,2026-08-08,2026-08-08,ACTIVE_CANDIDATE,official source verified + deadline parsed + deadline is future + record exists in the current applicable sale cycle
Humboldt,053-172-009-000,humboldt_2026-05-29_sale,sha256:00a5db003df4e847369da852f27462674e355f058e094f787df93b357dbf0ddb,2026-07-09,2027-05-29,2026-08-08,2026-08-08,ACTIVE_CANDIDATE,official source verified + deadline parsed + deadline is future + record exists in the current applicable sale cycle
Humboldt,081-021-007-000,humboldt_2026-05-29_sale,sha256:00a5db003df4e847369da852f27462674e355f058e094f787df93b357dbf0ddb,2026-07-09,2027-05-29,2026-08-08,2026-08-08,ACTIVE_CANDIDATE,official source verified + deadline parsed + deadline is future + record exists in the current applicable sale cycle
Humboldt,081-021-035-000,humboldt_2026-05-29_sale,sha256:00a5db003df4e847369da852f27462674e355f058e094f787df93b357dbf0ddb,2026-07-09,2027-05-29,2026-08-08,2026-08-08,ACTIVE_CANDIDATE,official source verified + deadline parsed + deadline is future + record exists in the current applicable sale cycle
Humboldt,081-021-038-000,humboldt_2026-05-29_sale,sha256:00a5db003df4e847369da852f27462674e355f058e094f787df93b357dbf0ddb,2026-07-09,2027-05-29,2026-08-08,2026-08-08,ACTIVE_CANDIDATE,official source verified + deadline parsed + deadline is future + record exists in the current applicable sale cycle
Humboldt,081-021-039-000,humboldt_2026-05-29_sale,sha256:00a5db003df4e847369da852f27462674e355f058e094f787df93b357dbf0ddb,2026-07-09,2027-05-29,2026-08-08,2026-08-08,ACTIVE_CANDIDATE,official source verified + deadline parsed + deadline is future + record exists in the current applicable sale cycle
Humboldt,081-021-045-000,humboldt_2026-05-29_sale,sha256:00a5db003df4e847369da852f27462674e355f058e094f787df93b357dbf0ddb,2026-07-09,2027-05-29,2026-08-08,2026-08-08,ACTIVE_CANDIDATE,official source verified + deadline parsed + deadline is future + record exists in the current applicable sale cycle
Humboldt,081-081-005-000,humboldt_2026-05-29_sale,sha256:00a5db003df4e847369da852f27462674e355f058e094f787df93b357dbf0ddb,2026-07-09,2027-05-29,2026-08-08,2026-08-08,ACTIVE_CANDIDATE,official source verified + deadline parsed + deadline is future + record exists in the current applicable sale cycle
Humboldt,081-081-008-000,humboldt_2026-05-29_sale,sha256:00a5db003df4e847369da852f27462674e355f058e094f787df93b357dbf0ddb,2026-07-09,2027-05-29,2026-08-08,2026-08-08,ACTIVE_CANDIDATE,official source verified + deadline parsed + deadline is future + record exists in the current applicable sale cycle
Humboldt,100-012-005-000,humboldt_2026-05-29_sale,sha256:00a5db003df4e847369da852f27462674e355f058e094f787df93b357dbf0ddb,2026-07-09,2027-05-29,2026-08-08,2026-08-08,ACTIVE_CANDIDATE,official source verified + deadline parsed + deadline is future + record exists in the current applicable sale cycle
Humboldt,110-201-001-000,humboldt_2026-05-29_sale,sha256:00a5db003df4e847369da852f27462674e355f058e094f787df93b357dbf0ddb,2026-07-09,2027-05-29,2026-08-08,2026-08-08,ACTIVE_CANDIDATE,official source verified + deadline parsed + deadline is future + record exists in the current applicable sale cycle
Humboldt,110-291-008-000,humboldt_2026-05-29_sale,sha256:00a5db003df4e847369da852f27462674e355f058e094f787df93b357dbf0ddb,2026-07-09,2027-05-29,2026-08-08,2026-08-08,ACTIVE_CANDIDATE,official source verified + deadline parsed + deadline is future + record exists in the current applicable sale cycle
Humboldt,111-081-052-000,humboldt_2026-05-29_sale,sha256:00a5db003df4e847369da852f27462674e355f058e094f787df93b357dbf0ddb,2026-07-09,2027-05-29,2026-08-08,2026-08-08,ACTIVE_CANDIDATE,official source verified + deadline parsed + deadline is future + record exists in the current applicable sale cycle
Humboldt,111-151-066-000,humboldt_2026-05-29_sale,sha256:00a5db003df4e847369da852f27462674e355f058e094f787df93b357dbf0ddb,2026-07-09,2027-05-29,2026-08-08,2026-08-08,ACTIVE_CANDIDATE,official source verified + deadline parsed + deadline is future + record exists in the current applicable sale cycle
Humboldt,202-102-019-000,humboldt_2026-05-29_sale,sha256:00a5db003df4e847369da852f27462674e355f058e094f787df93b357dbf0ddb,2026-07-09,2027-05-29,2026-08-08,2026-08-08,ACTIVE_CANDIDATE,official source verified + deadline parsed + deadline is future + record exists in the current applicable sale cycle
Humboldt,212-192-021-000,humboldt_2026-05-29_sale,sha256:00a5db003df4e847369da852f27462674e355f058e094f787df93b357dbf0ddb,2026-07-09,2027-05-29,2026-08-08,2026-08-08,ACTIVE_CANDIDATE,official source verified + deadline parsed + deadline is future + record exists in the current applicable sale cycle
Humboldt,216-201-002-000,humboldt_2026-05-29_sale,sha256:00a5db003df4e847369da852f27462674e355f058e094f787df93b357dbf0ddb,2026-07-09,2027-05-29,2026-08-08,2026-08-08,ACTIVE_CANDIDATE,official source verified + deadline parsed + deadline is future + record exists in the current applicable sale cycle
Humboldt,216-381-012-000,humboldt_2026-05-29_sale,sha256:00a5db003df4e847369da852f27462674e355f058e094f787df93b357dbf0ddb,2026-07-09,2027-05-29,2026-08-08,2026-08-08,ACTIVE_CANDIDATE,official source verified + deadline parsed + deadline is future + record exists in the current applicable sale cycle
Humboldt,217-121-016-000,humboldt_2026-05-29_sale,sha256:00a5db003df4e847369da852f27462674e355f058e094f787df93b357dbf0ddb,2026-07-09,2027-05-29,2026-08-08,2026-08-08,ACTIVE_CANDIDATE,official source verified + deadline parsed + deadline is future + record exists in the current applicable sale cycle
Humboldt,221-101-013-000,humboldt_2026-05-29_sale,sha256:00a5db003df4e847369da852f27462674e355f058e094f787df93b357dbf0ddb,2026-07-09,2027-05-29,2026-08-08,2026-08-08,ACTIVE_CANDIDATE,official source verified + deadline parsed + deadline is future + record exists in the current applicable sale cycle
Humboldt,221-111-025-000,humboldt_2026-05-29_sale,sha256:00a5db003df4e847369da852f27462674e355f058e094f787df93b357dbf0ddb,2026-07-09,2027-05-29,2026-08-08,2026-08-08,ACTIVE_CANDIDATE,official source verified + deadline parsed + deadline is future + record exists in the current applicable sale cycle
Humboldt,221-111-028-000,humboldt_2026-05-29_sale,sha256:00a5db003df4e847369da852f27462674e355f058e094f787df93b357dbf0ddb,2026-07-09,2027-05-29,2026-08-08,2026-08-08,ACTIVE_CANDIDATE,official source verified + deadline parsed + deadline is future + record exists in the current applicable sale cycle
Humboldt,305-073-053-000,humboldt_2026-05-29_sale,sha256:00a5db003df4e847369da852f27462674e355f058e094f787df93b357dbf0ddb,2026-07-09,2027-05-29,2026-08-08,2026-08-08,ACTIVE_CANDIDATE,official source verified + deadline parsed + deadline is future + record exists in the current applicable sale cycle
Humboldt,305-073-054-000,humboldt_2026-05-29_sale,sha256:00a5db003df4e847369da852f27462674e355f058e094f787df93b357dbf0ddb,2026-07-09,2027-05-29,2026-08-08,2026-08-08,ACTIVE_CANDIDATE,official source verified + deadline parsed + deadline is future + record exists in the current applicable sale cycle
Humboldt,305-073-055-000,humboldt_2026-05-29_sale,sha256:00a5db003df4e847369da852f27462674e355f058e094f787df93b357dbf0ddb,2026-07-09,2027-05-29,2026-08-08,2026-08-08,ACTIVE_CANDIDATE,official source verified + deadline parsed + deadline is future + record exists in the current applicable sale cycle
Humboldt,309-103-008-000,humboldt_2026-05-29_sale,sha256:00a5db003df4e847369da852f27462674e355f058e094f787df93b357dbf0ddb,2026-07-09,2027-05-29,2026-08-08,2026-08-08,ACTIVE_CANDIDATE,official source verified + deadline parsed + deadline is future + record exists in the current applicable sale cycle
Humboldt,317-053-007-000,humboldt_2026-05-29_sale,sha256:00a5db003df4e847369da852f27462674e355f058e094f787df93b357dbf0ddb,2026-07-09,2027-05-29,2026-08-08,2026-08-08,ACTIVE_CANDIDATE,official source verified + deadline parsed + deadline is future + record exists in the current applicable sale cycle
Humboldt,403-011-032-000,humboldt_2026-05-29_sale,sha256:00a5db003df4e847369da852f27462674e355f058e094f787df93b357dbf0ddb,2026-07-09,2027-05-29,2026-08-08,2026-08-08,ACTIVE_CANDIDATE,official source verified + deadline parsed + deadline is future + record exists in the current applicable sale cycle
Humboldt,511-042-025-000,humboldt_2026-05-29_sale,sha256:00a5db003df4e847369da852f27462674e355f058e094f787df93b357dbf0ddb,2026-07-09,2027-05-29,2026-08-08,2026-08-08,ACTIVE_CANDIDATE,official source verified + deadline parsed + deadline is future + record exists in the current applicable sale cycle
Madera,001-052-010-000,madera_2026-05-11_to_05-14_sale,sha256:56cea126a49ddc6fd1f59b0d3f241523a0a7f0172012c9e0f16d7f7f14044594,unknown - not printed,2027-06-08,2026-08-08,2026-08-08,ACTIVE_CANDIDATE,official source verified + deadline parsed + deadline is future + record exists in the current applicable sale cycle
Madera,001-172-010-000,madera_2026-05-11_to_05-14_sale,sha256:56cea126a49ddc6fd1f59b0d3f241523a0a7f0172012c9e0f16d7f7f14044594,unknown - not printed,2027-06-08,2026-08-08,2026-08-08,ACTIVE_CANDIDATE,official source verified + deadline parsed + deadline is future + record exists in the current applicable sale cycle
Madera,029-270-053-000,madera_2025-08-08_reoffer,sha256:7d17a7233f11121455ef2ba0582cfb1b0635ba99499c7d13475ea4096e36c944,unknown - not printed,2026-08-27,2026-08-08,2026-08-08,ACTIVE_CANDIDATE,official source verified + deadline parsed + deadline is future + record exists in the current applicable sale cycle
Madera,030-010-007-000,madera_2026-05-11_to_05-14_sale,sha256:56cea126a49ddc6fd1f59b0d3f241523a0a7f0172012c9e0f16d7f7f14044594,unknown - not printed,2027-06-08,2026-08-08,2026-08-08,ACTIVE_CANDIDATE,official source verified + deadline parsed + deadline is future + record exists in the current applicable sale cycle
Madera,030-041-001-000,madera_2026-05-11_to_05-14_sale,sha256:56cea126a49ddc6fd1f59b0d3f241523a0a7f0172012c9e0f16d7f7f14044594,unknown - not printed,2027-06-08,2026-08-08,2026-08-08,ACTIVE_CANDIDATE,official source verified + deadline parsed + deadline is future + record exists in the current applicable sale cycle
Madera,032-743-011-000,madera_2026-05-11_to_05-14_sale,sha256:56cea126a49ddc6fd1f59b0d3f241523a0a7f0172012c9e0f16d7f7f14044594,unknown - not printed,2027-06-08,2026-08-08,2026-08-08,ACTIVE_CANDIDATE,official source verified + deadline parsed + deadline is future + record exists in the current applicable sale cycle
Madera,051-113-009-000,madera_2026-05-11_to_05-14_sale,sha256:56cea126a49ddc6fd1f59b0d3f241523a0a7f0172012c9e0f16d7f7f14044594,unknown - not printed,2027-06-08,2026-08-08,2026-08-08,ACTIVE_CANDIDATE,official source verified + deadline parsed + deadline is future + record exists in the current applicable sale cycle
Madera,051-113-010-000,madera_2026-05-11_to_05-14_sale,sha256:56cea126a49ddc6fd1f59b0d3f241523a0a7f0172012c9e0f16d7f7f14044594,unknown - not printed,2027-06-08,2026-08-08,2026-08-08,ACTIVE_CANDIDATE,official source verified + deadline parsed + deadline is future + record exists in the current applicable sale cycle
Madera,052-210-020-000,madera_2026-05-11_to_05-14_sale,sha256:56cea126a49ddc6fd1f59b0d3f241523a0a7f0172012c9e0f16d7f7f14044594,unknown - not printed,2027-06-08,2026-08-08,2026-08-08,ACTIVE_CANDIDATE,official source verified + deadline parsed + deadline is future + record exists in the current applicable sale cycle
Madera,053-202-001-000,madera_2026-05-11_to_05-14_sale,sha256:56cea126a49ddc6fd1f59b0d3f241523a0a7f0172012c9e0f16d7f7f14044594,unknown - not printed,2027-06-08,2026-08-08,2026-08-08,ACTIVE_CANDIDATE,official source verified + deadline parsed + deadline is future + record exists in the current applicable sale cycle
Madera,054-132-022-000,madera_2025-08-08_reoffer,sha256:7d17a7233f11121455ef2ba0582cfb1b0635ba99499c7d13475ea4096e36c944,unknown - not printed,2026-08-27,2026-08-08,2026-08-08,ACTIVE_CANDIDATE,official source verified + deadline parsed + deadline is future + record exists in the current applicable sale cycle
Madera,059-041-030-000,madera_2026-05-11_to_05-14_sale,sha256:56cea126a49ddc6fd1f59b0d3f241523a0a7f0172012c9e0f16d7f7f14044594,unknown - not printed,2027-06-08,2026-08-08,2026-08-08,ACTIVE_CANDIDATE,official source verified + deadline parsed + deadline is future + record exists in the current applicable sale cycle
Madera,060-130-034-000,madera_2025-08-08_reoffer,sha256:7d17a7233f11121455ef2ba0582cfb1b0635ba99499c7d13475ea4096e36c944,unknown - not printed,2026-08-27,2026-08-08,2026-08-08,ACTIVE_CANDIDATE,official source verified + deadline parsed + deadline is future + record exists in the current applicable sale cycle
Madera,060-441-020-000,madera_2025-08-08_reoffer,sha256:7d17a7233f11121455ef2ba0582cfb1b0635ba99499c7d13475ea4096e36c944,unknown - not printed,2026-08-27,2026-08-08,2026-08-08,ACTIVE_CANDIDATE,official source verified + deadline parsed + deadline is future + record exists in the current applicable sale cycle
Madera,061-450-016-000,madera_2026-05-11_to_05-14_sale,sha256:56cea126a49ddc6fd1f59b0d3f241523a0a7f0172012c9e0f16d7f7f14044594,unknown - not printed,2027-06-08,2026-08-08,2026-08-08,ACTIVE_CANDIDATE,official source verified + deadline parsed + deadline is future + record exists in the current applicable sale cycle
Madera,061-450-017-000,madera_2026-05-11_to_05-14_sale,sha256:56cea126a49ddc6fd1f59b0d3f241523a0a7f0172012c9e0f16d7f7f14044594,unknown - not printed,2027-06-08,2026-08-08,2026-08-08,ACTIVE_CANDIDATE,official source verified + deadline parsed + deadline is future + record exists in the current applicable sale cycle
Madera,061-450-018-000,madera_2026-05-11_to_05-14_sale,sha256:56cea126a49ddc6fd1f59b0d3f241523a0a7f0172012c9e0f16d7f7f14044594,unknown - not printed,2027-06-08,2026-08-08,2026-08-08,ACTIVE_CANDIDATE,official source verified + deadline parsed + deadline is future + record exists in the current applicable sale cycle
Madera,061-470-021-000,madera_2026-05-11_to_05-14_sale,sha256:56cea126a49ddc6fd1f59b0d3f241523a0a7f0172012c9e0f16d7f7f14044594,unknown - not printed,2027-06-08,2026-08-08,2026-08-08,ACTIVE_CANDIDATE,official source verified + deadline parsed + deadline is future + record exists in the current applicable sale cycle
Madera,064-100-036-000,madera_2025-08-08_reoffer,sha256:7d17a7233f11121455ef2ba0582cfb1b0635ba99499c7d13475ea4096e36c944,unknown - not printed,2026-08-27,2026-08-08,2026-08-08,ACTIVE_CANDIDATE,official source verified + deadline parsed + deadline is future + record exists in the current applicable sale cycle
Madera,066-420-006-000,madera_2026-05-11_to_05-14_sale,sha256:56cea126a49ddc6fd1f59b0d3f241523a0a7f0172012c9e0f16d7f7f14044594,unknown - not printed,2027-06-08,2026-08-08,2026-08-08,ACTIVE_CANDIDATE,official source verified + deadline parsed + deadline is future + record exists in the current applicable sale cycle
Madera,066-420-007-000,madera_2026-05-11_to_05-14_sale,sha256:56cea126a49ddc6fd1f59b0d3f241523a0a7f0172012c9e0f16d7f7f14044594,unknown - not printed,2027-06-08,2026-08-08,2026-08-08,ACTIVE_CANDIDATE,official source verified + deadline parsed + deadline is future + record exists in the current applicable sale cycle
Madera,092-270-010-000,madera_2026-05-11_to_05-14_sale,sha256:56cea126a49ddc6fd1f59b0d3f241523a0a7f0172012c9e0f16d7f7f14044594,unknown - not printed,2027-06-08,2026-08-08,2026-08-08,ACTIVE_CANDIDATE,official source verified + deadline parsed + deadline is future + record exists in the current applicable sale cycle
Madera,093-310-018-000,madera_2026-05-11_to_05-14_sale,sha256:56cea126a49ddc6fd1f59b0d3f241523a0a7f0172012c9e0f16d7f7f14044594,unknown - not printed,2027-06-08,2026-08-08,2026-08-08,ACTIVE_CANDIDATE,official source verified + deadline parsed + deadline is future + record exists in the current applicable sale cycle
Madera,093-480-038-000,madera_2025-08-08_reoffer,sha256:7d17a7233f11121455ef2ba0582cfb1b0635ba99499c7d13475ea4096e36c944,unknown - not printed,2026-08-27,2026-08-08,2026-08-08,ACTIVE_CANDIDATE,official source verified + deadline parsed + deadline is future + record exists in the current applicable sale cycle
Madera,093-520-006-000,madera_2026-05-11_to_05-14_sale,sha256:56cea126a49ddc6fd1f59b0d3f241523a0a7f0172012c9e0f16d7f7f14044594,unknown - not printed,2027-06-08,2026-08-08,2026-08-08,ACTIVE_CANDIDATE,official source verified + deadline parsed + deadline is future + record exists in the current applicable sale cycle
Nevada,002-450-012-000,nevada_2025-11-13_sale_and_2026-01-28_reoffer,sha256:4e8e4bd5745f52af4a453cca97398424f831056f484323fd61e2c20dfe5d6189,2026-03-02,2026-12-19,2026-08-08,2026-08-08,ACTIVE_CANDIDATE,official source verified + deadline parsed + deadline is future + record exists in the current applicable sale cycle
Nevada,012-730-038-000,nevada_2025-11-13_sale_and_2026-01-28_reoffer,sha256:4e8e4bd5745f52af4a453cca97398424f831056f484323fd61e2c20dfe5d6189,2026-03-02,2026-12-19,2026-08-08,2026-08-08,ACTIVE_CANDIDATE,official source verified + deadline parsed + deadline is future + record exists in the current applicable sale cycle
Nevada,013-250-012-530,nevada_2025-11-13_sale_and_2026-01-28_reoffer,sha256:4e8e4bd5745f52af4a453cca97398424f831056f484323fd61e2c20dfe5d6189,2026-03-02,2026-12-19,2026-08-08,2026-08-08,ACTIVE_CANDIDATE,official source verified + deadline parsed + deadline is future + record exists in the current applicable sale cycle
Nevada,013-250-013-510,nevada_2025-11-13_sale_and_2026-01-28_reoffer,sha256:4e8e4bd5745f52af4a453cca97398424f831056f484323fd61e2c20dfe5d6189,2026-03-02,2026-12-19,2026-08-08,2026-08-08,ACTIVE_CANDIDATE,official source verified + deadline parsed + deadline is future + record exists in the current applicable sale cycle
Nevada,023-590-016-000,nevada_2025-11-13_sale_and_2026-01-28_reoffer,sha256:4e8e4bd5745f52af4a453cca97398424f831056f484323fd61e2c20dfe5d6189,2026-03-02,2026-12-19,2026-08-08,2026-08-08,ACTIVE_CANDIDATE,official source verified + deadline parsed + deadline is future + record exists in the current applicable sale cycle
Nevada,024-290-008-000,nevada_2025-11-13_sale_and_2026-01-28_reoffer,sha256:4e8e4bd5745f52af4a453cca97398424f831056f484323fd61e2c20dfe5d6189,2026-03-02,2026-12-19,2026-08-08,2026-08-08,ACTIVE_CANDIDATE,official source verified + deadline parsed + deadline is future + record exists in the current applicable sale cycle
Nevada,024-320-005-000,nevada_2025-11-13_sale_and_2026-01-28_reoffer,sha256:4e8e4bd5745f52af4a453cca97398424f831056f484323fd61e2c20dfe5d6189,2026-03-02,2026-12-19,2026-08-08,2026-08-08,ACTIVE_CANDIDATE,official source verified + deadline parsed + deadline is future + record exists in the current applicable sale cycle
Nevada,024-370-002-000,nevada_2025-11-13_sale_and_2026-01-28_reoffer,sha256:4e8e4bd5745f52af4a453cca97398424f831056f484323fd61e2c20dfe5d6189,2026-03-02,2026-12-19,2026-08-08,2026-08-08,ACTIVE_CANDIDATE,official source verified + deadline parsed + deadline is future + record exists in the current applicable sale cycle
Nevada,028-070-017-000,nevada_2025-11-13_sale_and_2026-01-28_reoffer,sha256:4e8e4bd5745f52af4a453cca97398424f831056f484323fd61e2c20dfe5d6189,2026-03-02,2026-12-19,2026-08-08,2026-08-08,ACTIVE_CANDIDATE,official source verified + deadline parsed + deadline is future + record exists in the current applicable sale cycle
Nevada,038-190-011-000,nevada_2025-11-13_sale_and_2026-01-28_reoffer,sha256:4e8e4bd5745f52af4a453cca97398424f831056f484323fd61e2c20dfe5d6189,2026-03-02,2026-12-19,2026-08-08,2026-08-08,ACTIVE_CANDIDATE,official source verified + deadline parsed + deadline is future + record exists in the current applicable sale cycle
Nevada,052-360-058-000,nevada_2025-11-13_sale_and_2026-01-28_reoffer,sha256:4e8e4bd5745f52af4a453cca97398424f831056f484323fd61e2c20dfe5d6189,2026-03-02,2026-12-19,2026-08-08,2026-08-08,ACTIVE_CANDIDATE,official source verified + deadline parsed + deadline is future + record exists in the current applicable sale cycle
Nevada,062-070-006-000,nevada_2025-11-13_sale_and_2026-01-28_reoffer,sha256:4e8e4bd5745f52af4a453cca97398424f831056f484323fd61e2c20dfe5d6189,2026-03-02,2026-12-19,2026-08-08,2026-08-08,ACTIVE_CANDIDATE,official source verified + deadline parsed + deadline is future + record exists in the current applicable sale cycle
Nevada,062-070-007-000,nevada_2025-11-13_sale_and_2026-01-28_reoffer,sha256:4e8e4bd5745f52af4a453cca97398424f831056f484323fd61e2c20dfe5d6189,2026-03-02,2026-12-19,2026-08-08,2026-08-08,ACTIVE_CANDIDATE,official source verified + deadline parsed + deadline is future + record exists in the current applicable sale cycle
Nevada,062-090-012-000,nevada_2025-11-13_sale_and_2026-01-28_reoffer,sha256:4e8e4bd5745f52af4a453cca97398424f831056f484323fd61e2c20dfe5d6189,2026-03-02,2026-12-19,2026-08-08,2026-08-08,ACTIVE_CANDIDATE,official source verified + deadline parsed + deadline is future + record exists in the current applicable sale cycle
San Joaquin,027-134-130-000,san_joaquin_2026-03-11_to_03-12_sale,sha256:cb1f60fcd380dec53fb0ba7f6adfc2786e8e6089a9a52b32e6d41cd844a8e505,2026-04-08 (document 'Updated' date),2027-03-12,2026-08-08,2026-08-08,ACTIVE_CANDIDATE,official source verified + deadline parsed + deadline is future + record exists in the current applicable sale cycle
San Joaquin,147-220-110-000,san_joaquin_2026-03-11_to_03-12_sale,sha256:cb1f60fcd380dec53fb0ba7f6adfc2786e8e6089a9a52b32e6d41cd844a8e505,2026-04-08 (document 'Updated' date),2027-03-12,2026-08-08,2026-08-08,ACTIVE_CANDIDATE,official source verified + deadline parsed + deadline is future + record exists in the current applicable sale cycle
San Joaquin,149-170-110-000,san_joaquin_2026-03-11_to_03-12_sale,sha256:cb1f60fcd380dec53fb0ba7f6adfc2786e8e6089a9a52b32e6d41cd844a8e505,2026-04-08 (document 'Updated' date),2027-03-12,2026-08-08,2026-08-08,ACTIVE_CANDIDATE,official source verified + deadline parsed + deadline is future + record exists in the current applicable sale cycle
Shasta,018-380-021-000,shasta_2026-02-27_and_03-27_sales,sha256:90f407e140bb286021e336804a759d9732106df19b0f1326d1c89920e639f224,2026-04-16,2027-03-22,2026-08-08,2026-08-08,ACTIVE_CANDIDATE,official source verified + deadline parsed + deadline is future + record exists in the current applicable sale cycle
Shasta,026-300-018-000,shasta_2026-02-27_and_03-27_sales,sha256:90f407e140bb286021e336804a759d9732106df19b0f1326d1c89920e639f224,2026-04-16,2027-03-22,2026-08-08,2026-08-08,ACTIVE_CANDIDATE,official source verified + deadline parsed + deadline is future + record exists in the current applicable sale cycle
Shasta,029-510-015-000,shasta_2026-02-27_and_03-27_sales,sha256:90f407e140bb286021e336804a759d9732106df19b0f1326d1c89920e639f224,2026-04-16,2027-03-22,2026-08-08,2026-08-08,ACTIVE_CANDIDATE,official source verified + deadline parsed + deadline is future + record exists in the current applicable sale cycle
Shasta,029-530-012-000,shasta_2026-02-27_and_03-27_sales,sha256:90f407e140bb286021e336804a759d9732106df19b0f1326d1c89920e639f224,2026-04-16,2027-03-22,2026-08-08,2026-08-08,ACTIVE_CANDIDATE,official source verified + deadline parsed + deadline is future + record exists in the current applicable sale cycle
Shasta,043-540-001-000,shasta_2026-02-27_and_03-27_sales,sha256:90f407e140bb286021e336804a759d9732106df19b0f1326d1c89920e639f224,2026-04-16,2027-03-22,2026-08-08,2026-08-08,ACTIVE_CANDIDATE,official source verified + deadline parsed + deadline is future + record exists in the current applicable sale cycle
Shasta,044-150-017-000,shasta_2026-02-27_and_03-27_sales,sha256:90f407e140bb286021e336804a759d9732106df19b0f1326d1c89920e639f224,2026-04-16,2027-03-22,2026-08-08,2026-08-08,ACTIVE_CANDIDATE,official source verified + deadline parsed + deadline is future + record exists in the current applicable sale cycle
Shasta,045-750-005-000,shasta_2026-02-27_and_03-27_sales,sha256:90f407e140bb286021e336804a759d9732106df19b0f1326d1c89920e639f224,2026-04-16,2027-03-22,2026-08-08,2026-08-08,ACTIVE_CANDIDATE,official source verified + deadline parsed + deadline is future + record exists in the current applicable sale cycle
Shasta,065-260-008-000,shasta_2026-02-27_and_03-27_sales,sha256:90f407e140bb286021e336804a759d9732106df19b0f1326d1c89920e639f224,2026-04-16,2027-03-22,2026-08-08,2026-08-08,ACTIVE_CANDIDATE,official source verified + deadline parsed + deadline is future + record exists in the current applicable sale cycle
Shasta,065-580-022-000,shasta_2026-02-27_and_03-27_sales,sha256:90f407e140bb286021e336804a759d9732106df19b0f1326d1c89920e639f224,2026-04-16,2027-03-22,2026-08-08,2026-08-08,ACTIVE_CANDIDATE,official source verified + deadline parsed + deadline is future + record exists in the current applicable sale cycle
Shasta,082-180-022-000,shasta_2026-02-27_and_03-27_sales,sha256:90f407e140bb286021e336804a759d9732106df19b0f1326d1c89920e639f224,2026-04-16,2027-03-22,2026-08-08,2026-08-08,ACTIVE_CANDIDATE,official source verified + deadline parsed + deadline is future + record exists in the current applicable sale cycle
Shasta,090-090-005-000,shasta_2026-02-27_and_03-27_sales,sha256:90f407e140bb286021e336804a759d9732106df19b0f1326d1c89920e639f224,2026-04-16,2027-03-22,2026-08-08,2026-08-08,ACTIVE_CANDIDATE,official source verified + deadline parsed + deadline is future + record exists in the current applicable sale cycle
Shasta,090-090-006-000,shasta_2026-02-27_and_03-27_sales,sha256:90f407e140bb286021e336804a759d9732106df19b0f1326d1c89920e639f224,2026-04-16,2027-03-22,2026-08-08,2026-08-08,ACTIVE_CANDIDATE,official source verified + deadline parsed + deadline is future + record exists in the current applicable sale cycle
Shasta,090-100-002-000,shasta_2026-02-27_and_03-27_sales,sha256:90f407e140bb286021e336804a759d9732106df19b0f1326d1c89920e639f224,2026-04-16,2027-03-22,2026-08-08,2026-08-08,ACTIVE_CANDIDATE,official source verified + deadline parsed + deadline is future + record exists in the current applicable sale cycle
Shasta,090-130-001-000,shasta_2026-02-27_and_03-27_sales,sha256:90f407e140bb286021e336804a759d9732106df19b0f1326d1c89920e639f224,2026-04-16,2027-03-22,2026-08-08,2026-08-08,ACTIVE_CANDIDATE,official source verified + deadline parsed + deadline is future + record exists in the current applicable sale cycle
Shasta,090-130-005-000,shasta_2026-02-27_and_03-27_sales,sha256:90f407e140bb286021e336804a759d9732106df19b0f1326d1c89920e639f224,2026-04-16,2027-03-22,2026-08-08,2026-08-08,ACTIVE_CANDIDATE,official source verified + deadline parsed + deadline is future + record exists in the current applicable sale cycle
Shasta,090-140-006-000,shasta_2026-02-27_and_03-27_sales,sha256:90f407e140bb286021e336804a759d9732106df19b0f1326d1c89920e639f224,2026-04-16,2027-03-22,2026-08-08,2026-08-08,ACTIVE_CANDIDATE,official source verified + deadline parsed + deadline is future + record exists in the current applicable sale cycle
Shasta,090-400-036-000,shasta_2026-02-27_and_03-27_sales,sha256:90f407e140bb286021e336804a759d9732106df19b0f1326d1c89920e639f224,2026-04-16,2027-03-22,2026-08-08,2026-08-08,ACTIVE_CANDIDATE,official source verified + deadline parsed + deadline is future + record exists in the current applicable sale cycle
Shasta,097-090-005-000,shasta_2026-02-27_and_03-27_sales,sha256:90f407e140bb286021e336804a759d9732106df19b0f1326d1c89920e639f224,2026-04-16,2027-03-22,2026-08-08,2026-08-08,ACTIVE_CANDIDATE,official source verified + deadline parsed + deadline is future + record exists in the current applicable sale cycle
Shasta,098-130-006-000,shasta_2026-02-27_and_03-27_sales,sha256:90f407e140bb286021e336804a759d9732106df19b0f1326d1c89920e639f224,2026-04-16,2027-03-22,2026-08-08,2026-08-08,ACTIVE_CANDIDATE,official source verified + deadline parsed + deadline is future + record exists in the current applicable sale cycle
Shasta,107-200-019-000,shasta_2026-02-27_and_03-27_sales,sha256:90f407e140bb286021e336804a759d9732106df19b0f1326d1c89920e639f224,2026-04-16,2027-03-22,2026-08-08,2026-08-08,ACTIVE_CANDIDATE,official source verified + deadline parsed + deadline is future + record exists in the current applicable sale cycle
Shasta,203-230-001-000,shasta_2026-02-27_and_03-27_sales,sha256:90f407e140bb286021e336804a759d9732106df19b0f1326d1c89920e639f224,2026-04-16,2027-03-22,2026-08-08,2026-08-08,ACTIVE_CANDIDATE,official source verified + deadline parsed + deadline is future + record exists in the current applicable sale cycle
Shasta,700-280-014-000,shasta_2026-02-27_and_03-27_sales,sha256:90f407e140bb286021e336804a759d9732106df19b0f1326d1c89920e639f224,2026-04-16,2027-03-22,2026-08-08,2026-08-08,ACTIVE_CANDIDATE,official source verified + deadline parsed + deadline is future + record exists in the current applicable sale cycle
Shasta,702-320-010-000,shasta_2026-02-27_and_03-27_sales,sha256:90f407e140bb286021e336804a759d9732106df19b0f1326d1c89920e639f224,2026-04-16,2027-03-22,2026-08-08,2026-08-08,ACTIVE_CANDIDATE,official source verified + deadline parsed + deadline is future + record exists in the current applicable sale cycle
Sonoma,019-620-008-000,sonoma_2025-11-07_to_11-10_auction,NO ARTIFACT PRESERVED - scraped from county results page; no PDF/HTML snapshot was saved to disk,"unknown - results page, no publication date printed",2026-11-10,2026-08-08,2026-08-08,UNKNOWN,"source exists, but deadline, sale cycle, or current status cannot yet be confirmed"
Sonoma,035-272-002-000,sonoma_2025-11-07_to_11-10_auction,NO ARTIFACT PRESERVED - scraped from county results page; no PDF/HTML snapshot was saved to disk,"unknown - results page, no publication date printed",2026-11-10,2026-08-08,2026-08-08,UNKNOWN,"source exists, but deadline, sale cycle, or current status cannot yet be confirmed"
Sonoma,070-294-009-000,sonoma_2025-11-07_to_11-10_auction,NO ARTIFACT PRESERVED - scraped from county results page; no PDF/HTML snapshot was saved to disk,"unknown - results page, no publication date printed",2026-11-10,2026-08-08,2026-08-08,UNKNOWN,"source exists, but deadline, sale cycle, or current status cannot yet be confirmed"
Sonoma,072-160-038-000,sonoma_2025-11-07_to_11-10_auction,NO ARTIFACT PRESERVED - scraped from county results page; no PDF/HTML snapshot was saved to disk,"unknown - results page, no publication date printed",2026-11-10,2026-08-08,2026-08-08,UNKNOWN,"source exists, but deadline, sale cycle, or current status cannot yet be confirmed"
Sonoma,072-173-030-000,sonoma_2025-11-07_to_11-10_auction,NO ARTIFACT PRESERVED - scraped from county results page; no PDF/HTML snapshot was saved to disk,"unknown - results page, no publication date printed",2026-11-10,2026-08-08,2026-08-08,UNKNOWN,"source exists, but deadline, sale cycle, or current status cannot yet be confirmed"
Sonoma,072-180-031-000,sonoma_2025-11-07_to_11-10_auction,NO ARTIFACT PRESERVED - scraped from county results page; no PDF/HTML snapshot was saved to disk,"unknown - results page, no publication date printed",2026-11-10,2026-08-08,2026-08-08,UNKNOWN,"source exists, but deadline, sale cycle, or current status cannot yet be confirmed"
Sonoma,072-180-037-000,sonoma_2025-11-07_to_11-10_auction,NO ARTIFACT PRESERVED - scraped from county results page; no PDF/HTML snapshot was saved to disk,"unknown - results page, no publication date printed",2026-11-10,2026-08-08,2026-08-08,UNKNOWN,"source exists, but deadline, sale cycle, or current status cannot yet be confirmed"
Sonoma,072-180-040-000,sonoma_2025-11-07_to_11-10_auction,NO ARTIFACT PRESERVED - scraped from county results page; no PDF/HTML snapshot was saved to disk,"unknown - results page, no publication date printed",2026-11-10,2026-08-08,2026-08-08,UNKNOWN,"source exists, but deadline, sale cycle, or current status cannot yet be confirmed"
Sonoma,075-181-002-000,sonoma_2025-11-07_to_11-10_auction,NO ARTIFACT PRESERVED - scraped from county results page; no PDF/HTML snapshot was saved to disk,"unknown - results page, no publication date printed",2026-11-10,2026-08-08,2026-08-08,UNKNOWN,"source exists, but deadline, sale cycle, or current status cannot yet be confirmed"
Sonoma,081-100-009-000,sonoma_2025-11-07_to_11-10_auction,NO ARTIFACT PRESERVED - scraped from county results page; no PDF/HTML snapshot was saved to disk,"unknown - results page, no publication date printed",2026-11-10,2026-08-08,2026-08-08,UNKNOWN,"source exists, but deadline, sale cycle, or current status cannot yet be confirmed"
Sonoma,081-162-051-000,sonoma_2025-11-07_to_11-10_auction,NO ARTIFACT PRESERVED - scraped from county results page; no PDF/HTML snapshot was saved to disk,"unknown - results page, no publication date printed",2026-11-10,2026-08-08,2026-08-08,UNKNOWN,"source exists, but deadline, sale cycle, or current status cannot yet be confirmed"
Sonoma,081-230-010-000,sonoma_2025-11-07_to_11-10_auction,NO ARTIFACT PRESERVED - scraped from county results page; no PDF/HTML snapshot was saved to disk,"unknown - results page, no publication date printed",2026-11-10,2026-08-08,2026-08-08,UNKNOWN,"source exists, but deadline, sale cycle, or current status cannot yet be confirmed"
Sonoma,094-051-007-000,sonoma_2025-11-07_to_11-10_auction,NO ARTIFACT PRESERVED - scraped from county results page; no PDF/HTML snapshot was saved to disk,"unknown - results page, no publication date printed",2026-11-10,2026-08-08,2026-08-08,UNKNOWN,"source exists, but deadline, sale cycle, or current status cannot yet be confirmed"
Sonoma,095-160-015-000,sonoma_2025-11-07_to_11-10_auction,NO ARTIFACT PRESERVED - scraped from county results page; no PDF/HTML snapshot was saved to disk,"unknown - results page, no publication date printed",2026-11-10,2026-08-08,2026-08-08,UNKNOWN,"source exists, but deadline, sale cycle, or current status cannot yet be confirmed"
Sonoma,107-150-023-000,sonoma_2025-11-07_to_11-10_auction,NO ARTIFACT PRESERVED - scraped from county results page; no PDF/HTML snapshot was saved to disk,"unknown - results page, no publication date printed",2026-11-10,2026-08-08,2026-08-08,UNKNOWN,"source exists, but deadline, sale cycle, or current status cannot yet be confirmed"
Sonoma,125-501-015-000,sonoma_2025-11-07_to_11-10_auction,NO ARTIFACT PRESERVED - scraped from county results page; no PDF/HTML snapshot was saved to disk,"unknown - results page, no publication date printed",2026-11-10,2026-08-08,2026-08-08,UNKNOWN,"source exists, but deadline, sale cycle, or current status cannot yet be confirmed"
Sonoma,137-350-020-000,sonoma_2025-11-07_to_11-10_auction,NO ARTIFACT PRESERVED - scraped from county results page; no PDF/HTML snapshot was saved to disk,"unknown - results page, no publication date printed",2026-11-10,2026-08-08,2026-08-08,UNKNOWN,"source exists, but deadline, sale cycle, or current status cannot yet be confirmed"
Sonoma,156-530-001-000,sonoma_2025-11-07_to_11-10_auction,NO ARTIFACT PRESERVED - scraped from county results page; no PDF/HTML snapshot was saved to disk,"unknown - results page, no publication date printed",2026-11-10,2026-08-08,2026-08-08,UNKNOWN,"source exists, but deadline, sale cycle, or current status cannot yet be confirmed"
Tulare,093-083-020-000,tulare_2026-03-03_sale,sha256:dba062327dc5d9c2627ddbcb73781aaac1ce1296405989de6decd5034605d02d,unknown - not printed on document,2027-03-03,2026-08-08,2026-08-08,ACTIVE_CANDIDATE,official source verified + deadline parsed + deadline is future + record exists in the current applicable sale cycle
Tulare,094-074-015-000,tulare_2026-03-03_sale,sha256:dba062327dc5d9c2627ddbcb73781aaac1ce1296405989de6decd5034605d02d,unknown - not printed on document,2027-03-03,2026-08-08,2026-08-08,ACTIVE_CANDIDATE,official source verified + deadline parsed + deadline is future + record exists in the current applicable sale cycle
Tulare,135-104-011-000,tulare_2026-03-03_sale,sha256:dba062327dc5d9c2627ddbcb73781aaac1ce1296405989de6decd5034605d02d,unknown - not printed on document,2027-03-03,2026-08-08,2026-08-08,ACTIVE_CANDIDATE,official source verified + deadline parsed + deadline is future + record exists in the current applicable sale cycle
Tulare,247-030-043-000,tulare_2026-03-03_sale,sha256:dba062327dc5d9c2627ddbcb73781aaac1ce1296405989de6decd5034605d02d,unknown - not printed on document,2027-03-03,2026-08-08,2026-08-08,ACTIVE_CANDIDATE,official source verified + deadline parsed + deadline is future + record exists in the current applicable sale cycle
Tulare,260-182-016-000,tulare_2026-03-03_sale,sha256:dba062327dc5d9c2627ddbcb73781aaac1ce1296405989de6decd5034605d02d,unknown - not printed on document,2027-03-03,2026-08-08,2026-08-08,ACTIVE_CANDIDATE,official source verified + deadline parsed + deadline is future + record exists in the current applicable sale cycle
Tulare,307-100-046-000,tulare_2026-03-03_sale,sha256:dba062327dc5d9c2627ddbcb73781aaac1ce1296405989de6decd5034605d02d,unknown - not printed on document,2027-03-03,2026-08-08,2026-08-08,ACTIVE_CANDIDATE,official source verified + deadline parsed + deadline is future + record exists in the current applicable sale cycle
Tulare,310-100-001-000,tulare_2026-03-03_sale,sha256:dba062327dc5d9c2627ddbcb73781aaac1ce1296405989de6decd5034605d02d,unknown - not printed on document,2027-03-03,2026-08-08,2026-08-08,ACTIVE_CANDIDATE,official source verified + deadline parsed + deadline is future + record exists in the current applicable sale cycle
Tulare,310-100-002-000,tulare_2026-03-03_sale,sha256:dba062327dc5d9c2627ddbcb73781aaac1ce1296405989de6decd5034605d02d,unknown - not printed on document,2027-03-03,2026-08-08,2026-08-08,ACTIVE_CANDIDATE,official source verified + deadline parsed + deadline is future + record exists in the current applicable sale cycle
Tulare,345-294-016-000,tulare_2026-03-03_sale,sha256:dba062327dc5d9c2627ddbcb73781aaac1ce1296405989de6decd5034605d02d,unknown - not printed on document,2027-03-03,2026-08-08,2026-08-08,ACTIVE_CANDIDATE,official source verified + deadline parsed + deadline is future + record exists in the current applicable sale cycle
