county,date_checked,status,intelligence_coverage,source_tested,source_url_or_identifier,blocker_or_exception_reason,evidence_path,log_path,retry_condition,next_review_date_or_trigger,verification_level,notes
Kern,2026-08-08,REMEDIATION_REQUIRED,"245 pre-auction property dossiers exist; assessor+recorder chain both live-tested (HTTP reachability only this run - full CAPTCHA-gated re-verification blocked, see log)",assessor;recorder,https://assessorapps.kerncounty.com/PropertySearch/Parcels/index.aspx;https://recorderonline.co.kern.ca.us/cgi-bin/Osearchn.mbr/input,"Two universal (245/245) dossier-content defects found by DOSSIER_QA: (1) ATN mislabeled as APN in every dossier, (2) 'GOING TO AUCTION in N days' overclaims parcel-specific auction-list inclusion when only the county-wide date is confirmed. Full live re-verification also blocked this run: tesseract not installed (command not found, no dpkg entry), playwright not installed in main env.",monitor_runs/kern_monitor_summary.json,monitor_runs/kern_monitor_run.log,"Install tesseract + playwright in the working environment to resume full live CAPTCHA-solving re-verification; regenerate dossiers via the property_model.py-corrected identifier once approved",Aug 15-17 2026 (when the real Sept auction list is expected to publish - re-check parcel-specific auction inclusion then),confirmed_live_reachability_only,"Underlying assessor+recorder verification data is real and was not found to be wrong in any spot check - the issues are in labeling/wording, not the underlying facts. See monitor_runs/dossier_qa_report.md Section 1-2."
Butte,2026-08-08,REMEDIATION_REQUIRED,"104 pre-auction property dossiers, regenerated live this run",assessor,https://common1.mptsweb.com/mbap/butte/asr/AsrPrint,"Real bug found and fixed this run: redemption_status was not wired into regen_butte_dossiers.py, meaning a redeemed parcel (Gridley, 022-210-078-000) could have been wrongly regenerated as a live opportunity. Fixed and proven by actual execution (104 generated, 1 correctly skipped). Remaining lower-severity issue shared with Kern/Lake: Lien Risk Tier is a pure equity-ratio proxy, not an actual lien/title review, but is labeled as if it were.",monitor_runs/butte_monitor_summary.json,monitor_runs/butte_monitor_run.log,None for the redemption bug (resolved). Lien Risk Tier relabeling is a shared-template fix affecting all property-intel counties.,Re-run regen_butte_dossiers.py after any source CSV update to catch any newly-redeemed parcels,confirmed_live_sample,"8-parcel live HTTP sample against MPTS all returned real content. Full 104-parcel live re-verification not performed this run (sample only)."
Lake,2026-08-08,REMEDIATION_REQUIRED,"16 both-sites-verified pre-auction dossiers, generated by COUNTY_PROCESSOR_B via a real recorder-based lien-lifecycle classifier",assessor;recorder,https://common1.mptsweb.com/mbap/lake/asr/;https://lakecountyca-web.tylerhost.net,"Same shared Lien Risk Tier labeling issue as Kern/Butte (equity-ratio proxy presented as a lien review conclusion). No identifier or lifecycle-wording defects found - independently spot-checked and confirmed correct.",agent_reports/county_processor_b_report.md,lake/lake_lien_classification_ALL.json,Shared-template fix affecting all property-intel counties (see Butte row),No fixed trigger - re-run the lien-lifecycle classifier if Lake publishes a TDLS165 list,confirmed_live_plus_document_spot_check,"Source list (TDLS164) was found to be ~93%% stale (178 sold + 111 redeemed of 311) - correctly handled via live recorder recheck rather than trusted at face value. One parcel (032-042-330-000) held back over a genuine assessor/recorder discrepancy, logged separately, not shipped."
Del Norte,2026-08-08,VERIFIED_READY,"9 both-sites-verified excess-proceeds public-record signals, $69,878.95 total listed amount",assessor;recorder,https://common1.mptsweb.com/mbap/delnorte/asr/;https://delnortecountyca-web.tylerhost.net,None - no identifier, lifecycle, or evidence-integrity defects found in DOSSIER_QA.,agent_reports/county_processor_a_report.md,del_norte/raw_evidence/recorder_probe_summary.json,Not applicable - this is a resolved (already-occurred) sale cycle; monitor co.del-norte.ca.us/departments/TaxCollector/TaxSale for the next posted auction.,Re-check when Del Norte posts its next auction notice,confirmed_document_hash_plus_recorder_crossmatch,"These are excess-proceeds public-record signals (product_line: EXCESS_PROCEEDS_INTELLIGENCE, not pre-auction property intelligence) - not guarantees of availability, claimability, ownership, or recoverability."
Glenn,2026-08-08,BLOCKED,Zero dossiers - recorder infrastructure confirmed live but no accessible auction/tax-default source found,recorder;county_site;bid4assets,https://glenncountyca-web.tylerhost.net;https://countyofglenn.net;https://bid4assets.com/glenn,"Cloudflare bot-challenge blocks every fetch attempt against the county's own site and Bid4Assets (both direct httpx and WebFetch). This is a documented county-access constraint, not an absence of relevant properties or public-record events - the recorder itself is confirmed reachable and not blocked.",agent_reports/county_processor_a_report.md,glenn/raw_evidence/glenn_faq_cloudflare_blocked_response_2026-08-08.html,Retry with a real full browser session capable of clearing a Cloudflare JS challenge; or contact Glenn County Tax Collector directly (TTC@countyofglenn.net / 530-934-6410),Periodic re-check - no fixed date,confirmed_recorder_access_blocked_source_discovery,"Recorder capability itself is real and not CAPTCHA-blocked - only the auction/default-list DISCOVERY step is blocked, a distinct finding from a recorder-capability failure."
Kings,2026-08-08,BLOCKED,Zero dossiers - assessor live but recorder has no online Official Records/deed-search feature at all,assessor;recorder,https://common1.mptsweb.com/mbap/kings/asr/;https://kingscountyca-web.tylerhost.net,"Not a CAPTCHA or access-permission block: the entire Tyler EagleWeb self-service menu tree (every action group tested) exposes only clerk-office record types (vital records, marriage, FBN, notary, DD-214) - no deed/Official Records search exists on this instance. Corroborated by web search of Kings County's own published guidance citing CA Assembly Bill 1785 (online recorder-index access no longer offered; in-person/mail only).",agent_reports/county_processor_b_report.md,kings/kings_ACTIONGROUP201S1.html;kings/kings_ACTIONGROUP201S2.html;kings/kings_ACTIONGROUP201S3.html;kings/kings_ACTIONGROUP201S5.html;kings/kings_ACTIONGROUP483S1.html,Re-check periodically in case Kings re-enables online Official Records search; or pursue a paid third-party title/records subscription as an alternative parcel-tied recorder source,Periodic re-check - no fixed date,confirmed_full_menu_tree_enumeration,"This is a structural feature gap, not an access wall - direct menu-tree testing (not assumption) confirmed the deed-search feature does not exist online for this county."
Kings,2026-08-08,SOURCE_CONTAMINATION_RESOLVED,Not applicable - this row documents a data-hygiene correction, not an intelligence-coverage finding,n/a,n/a,"kings/kings_tax_sale_notice.pdf was found (via direct PDF text extraction during DOSSIER_QA) to be an unrelated Nova Scotia, Canada municipal tax-sale notice (countyofkings.ca, 'Municipality of the County of Kings,' Coldbrook Village Park Drive) - not valid Kings County, California evidence. It was not relied upon for the Kings-blocked conclusion above (which rests on direct menu-tree testing, independently re-verified).",kings/CONTAMINATED_NOT_CALIFORNIA_KingsCountyNovaScotia_tax_sale_notice.pdf,monitor_runs/dossier_qa_report.md,Not applicable - resolved,Not applicable,verified_document_content_extraction,"issue_type: source_contamination. original_file_path_or_name: kings/kings_tax_sale_notice.pdf. resolution: renamed and quarantined (audit trail preserved, file not deleted). reason: document originated in Nova Scotia, Canada and is not valid Kings County evidence. impact: document must not support any Kings County claim, classification, score, dossier, or output - confirmed it did not. verification_date: 2026-08-08. remediation_status: resolved. evidence_of_remediation: kings/CONTAMINATED_NOT_CALIFORNIA_KingsCountyNovaScotia_tax_sale_notice.pdf"
Riverside,2026-08-08,BLOCKED,Zero dossiers - assessor and recorder both confirmed live and real; owner-name-bearing service is down,assessor;recorder,https://gis.countyofriverside.us/arcgis_mapping/rest/services/OpenData/Assessor/MapServer;https://webselfservice.rivcoacr.org,"The one ArcGIS service that would carry owner name / recent recorded doc number (OpenData/AssessorTables) returns a reproducible 'Failure to access the DBMS server' error (HTTP 400) on both public hosting paths - a real, current service outage, not a design/access-permission gap. Recorder itself is confirmed live, CAPTCHA-free, and mechanically identical to Kern's proven document-number method.",agent_reports/county_processor_c_report.md,riverside/raw/riverside_assessor_probe_2026-08-08.json,Re-check OpenData/AssessorTables periodically for service restoration,Periodic re-check - no fixed date (service outage of unknown duration),confirmed_reproducible_dbms_error,"Best technical foundation of any newly-tested county this dispatch (real, CAPTCHA-free, parcel-tied recorder) - blocked by a data-availability gap, not an access wall. Revisit first if any newly-tested county's blocker resolves."
San Diego,2026-08-08,BLOCKED,Zero dossiers - triple-blocked; no live signal exists regardless of the other two blockers,assessor;recorder,https://www.sdarcc.gov/bin/cosd/parcel-request;https://arcc-acclaim.sdcounty.ca.gov,"Three independent findings: (1) owner name is permanently, legally restricted under CA Gov Code 6254.21 (same statute already confirmed blocking Fresno); (2) recorder (arcc-acclaim.sdcounty.ca.gov) returns HTTP 403 Akamai Access Denied, not bypassed per instruction; (3) the known 686-property March 2026 auction is confirmed closed (5 months past this session), next cycle not announced until 2027.",agent_reports/county_processor_c_report.md,san_diego/raw/sd_arcc_acclaim_403_response.html;san_diego/raw/san_diego_probe_2026-08-08.json,No retry condition for the legal restriction (permanent). Akamai block: retry with a different access method if one becomes available. Auction cycle: re-check when San Diego announces its next sale.,2027 (when San Diego's next auction cycle is expected to be announced),confirmed_live_api_plus_403_plus_legal_citation,"NO_ACTIVE_CYCLE also applies (auction closed) but BLOCKED is used as the primary status since two of the three findings are hard access/legal blocks that would prevent coverage even during an active cycle."
