County Name,Assessor Data Access,Tax Collector Data,Recorder Data,Parcel Maps,Auction Platform,Auction Schedule,Legacy Data Availability,Connector Status,Complications,Data Quality Score,Cost/Access Notes,Reconciliation Monitoring,Excess Proceeds Handling,Bot Protection Type,Recorder Search Mode,Owner Lookup Legal Restriction,Official Document Source,Last Verified Date,Parcel/APN Source Availability,Assessor Source Availability,Tax-Default/Delinquency Source Availability,Recorder/Index Availability,Tax-Sale/Auction-List Availability,Redemption/Sale-Outcome Detection,Source Format,Evidence/Provenance Availability,Automation Difficulty,Inventory & Buyer-Fit Estimate,Status (Green/Yellow/Red/Unknown),Exact Blocker / Next Validation Step
Alameda,Not tested tonight,"treasurer.acgov.org/tax-defaulted-land/ exists, but latest linked doc is '2023 Tax Defaulted Land Auction Results' - not current",Not tested tonight,Unknown,"Bid4Assets - confirmed real listings exist (storefront/AlamedaMar26 = March 2026 auction, storefront/AlamedaMay20 = May 20 re-offer) but plain WebFetch got HTTP 403 - Bid4Assets appears to block basic fetches","March 2026 auction + May 20, 2026 re-offer (both real, per Bid4Assets storefront URLs) - not yet confirmed with parcel-level detail",,Not started,"HELD UP: Bid4Assets storefront pages return 403 to plain WebFetch - likely needs a real/stealth browser (same as other bot-protected sites tonight), not yet tried with Playwright. Treasurer's own page is stale (2023).",Unknown - real sources exist but not yet extracted,Unknown,Not built,"Real Board of Supervisors agenda PDFs found for Feb 10 and May 12, 2026 (board actions on excess proceeds from 2021-2022 sales) - NOT a current parcel-level list, would need to open the actual PDFs",Bid4Assets blocks plain fetch (403) - untested with stealth browser,Unknown,Unknown,"PARTIAL - real 2026 Board agenda PDFs exist referencing excess proceeds, not yet opened/parsed",2026-08-08 (discovery pass batch 1 - real live checks + web search),Unknown - not tested,"CONFIRMED NOT on MPTS 2026-08-08 (direct httpx test, both common1/common2 hosts, base path) - prior yaml guess of 'mpts' backend for this county is WRONG if it said so, or county genuinely uses a different system",Unknown - not tested,"CONFIRMED NOT on {slug}countyca-web.tylerhost.net pattern (DNS fails) - may use a different naming convention, not ruled out entirely","CONFIRMED REAL - Bid4Assets, March 2026 auction + May 20 2026 re-offer (storefront URLs exist, still 403 on plain fetch)",Unknown - not tested,GIS/API (ArcGIS),"Real 2026 Board of Supervisors PDFs on excess-proceeds hearings exist, not yet opened","Unknown - Bid4Assets access itself is the open question (see Exception Log, severity: high, affects many counties)",Unknown - not tested,Yellow,Retry Bid4Assets storefront with stealth browser instead of plain fetch
Alpine,,,,,,,,,,,,,,,,,,2026-08-08 (discovery pass batch 1 - real live checks + web search),Unknown - not tested,"CONFIRMED NOT on MPTS 2026-08-08 (direct httpx test, both common1/common2 hosts, base path) - prior yaml guess of 'mpts' backend for this county is WRONG if it said so, or county genuinely uses a different system",Unknown - not tested,CONFIRMED NOT on Tyler DNS pattern,Nothing county-specific found this pass,Unknown - not tested,HTML (MPTS),Unknown - not tested,Unknown - not tested,Unknown - not tested,Unknown - needs_review,"Not yet tested this session. Next: confirm assessor endpoint live with a real APN, search for an official auction/excess-proceeds document before building anything."
Amador,,,,,"Bid4Assets (storefront/AmadorMar26) - confirmed real, settlement deadline March 16, 2026","2026 tax sale confirmed (settlement deadline March 16, 2026) - parcel-level list not yet extracted",,Not started,See county-signal-exception-log.csv - excess proceeds source not yet confirmed,,,,"needs_review - see Exception Log, not yet found a county-specific document",,,,,2026-08-08 (discovery pass batch 1 - real live checks + web search),Unknown - not tested,"CONFIRMED LIVE 2026-08-08 (direct httpx test, base path only, no APN needed): real MPTS system at common1.mptsweb.com/mbap/amador/asr/ - replaces prior unverified yaml guess",Unknown - not tested,CONFIRMED NOT on Tyler DNS pattern,"CONFIRMED REAL - Bid4Assets, March 2026 sale, settlement deadline March 16 2026",Unknown - not tested,HTML (MPTS) - CONFIRMED,Unknown - not tested,Unknown - not tested,Unknown - not tested,Yellow,Direct-check amadorgov.org tax-sale-information page; needs Bid4Assets fix too
Butte,"MPTS (common1.mptsweb.com/mbap/butte/asr/AsrPrint) - free, live, no CAPTCHA",Same MPTS tax bill system as assessor,"Tyler EagleWeb - real recorder chain data (grantee names, doc numbers) confirmed in butte_SCORED_AUCTION_MATCHES_CALL_SHEET.csv (prior-session work, not tonight's discovery)",Not specifically explored,Bid4Assets (confirmed live; county's own yaml scaffolding incorrectly says GovEase),"Aug 7-10, 2026 (occurred - 104 parcels, ~$3.09M total assessed value after correction)","Real, corrected 104-parcel batch in butte/delivery/",Working - regen_butte_dossiers.py (merges 2 real verified CSVs),"Source CSV still contains a redeemed parcel (Gridley, 022-210-078-000) with no redemption field wired into the regen script - do not bulk-regenerate without fixing this first",High - both sites verified (assessor + real recorder chain data),$0,Not built,"Not built yet (auction just completed Aug 7-10, 2026 - now relevant)",None encountered,Tyler EagleWeb chain/grantee data (prior session),None known,"Not used (real data came from existing verified CSVs, not a single official doc)",2026-08-07,"Yes - real, via existing verified CSVs (butte_auction_all_105_enriched.csv + butte_SCORED_AUCTION_MATCHES_CALL_SHEET.csv)","Yes - MPTS, live, free, no CAPTCHA (proven, this is the reference pipeline)",Yes - same MPTS tax bill system,"Yes - Tyler EagleWeb, real chain data (grantee names, doc numbers) already used","Yes - Bid4Assets, real 104-parcel corrected batch, auction Aug 7-10 2026 (occurred)","Yes - proven (caught a real redeemed parcel, Gridley, that was wrongly ranked #1 before correction)",HTML (MPTS) + CSV (existing verified deliverables),"High - real recorder chain data, doc numbers, dates","Low - no CAPTCHA, no bot protection encountered","104 real parcels, $3.09M total assessed value, 18 out-of-state owners (real, delivered)",Green (REFERENCE PIPELINE),None active. Auction occurred Aug 7-10 2026 - now shifts to excess-proceeds signal.
Calaveras,,,,,,,,,,,,,,,,,,2026-08-08 (discovery pass batch 1 - real live checks + web search),Unknown - not tested,"CONFIRMED LIVE 2026-08-08 (direct httpx test, base path only, no APN needed): real MPTS system at common1.mptsweb.com/mbap/calaveras/asr/ - replaces prior unverified yaml guess",Unknown - not tested,CONFIRMED NOT on Tyler DNS pattern,"CONFIRMED REAL - Bid4Assets, re-offer auction deadline Jan 29 2026",Unknown - not tested,HTML (MPTS) - CONFIRMED,Unknown - not tested,Unknown - not tested,Unknown - not tested,Yellow,"Not yet tested this session. Next: confirm assessor endpoint live with a real APN, search for an official auction/excess-proceeds document before building anything."
Colusa,,,,,,,,,,,,,,,,,,2026-08-08 (discovery pass batch 1 - real live checks + web search),Unknown - not tested,"CONFIRMED NOT on MPTS 2026-08-08 (direct httpx test, both common1/common2 hosts, base path) - prior yaml guess of 'mpts' backend for this county is WRONG if it said so, or county genuinely uses a different system",Unknown - not tested,CONFIRMED NOT on Tyler DNS pattern,"CONFIRMED REAL, DIFFERENT PROCESS - Sealed Bid Sale (not live online auction), Nov 5 2025. Real 'Results' page + '2025 Tax Sale Results' doc + real 'Parties of Interest' PDF exist.",Unknown - not tested,"PDF (compressed/binary - needs proper decoder, not plain WebFetch)","Most promising lead of this batch - Parties of Interest PDF structurally similar to Sonoma's high-value pattern, but content NOT yet extracted (binary/compressed PDF, WebFetch couldn't decode)",Unknown - not tested,Unknown - not tested,"Yellow - most promising in this batch, worth a real follow-up pass",Re-fetch the Parties of Interest PDF (countyofcolusaca.gov/DocumentCenter/View/19919) with pypdf or similar proper decoder instead of WebFetch
Contra Costa,,,,,,,,,,,,,,,,,,2026-08-08 (discovery pass batch 1 - real live checks + web search),Unknown - not tested,"CONFIRMED NOT on MPTS 2026-08-08 (direct httpx test, both common1/common2 hosts, base path) - prior yaml guess of 'mpts' backend for this county is WRONG if it said so, or county genuinely uses a different system",Unknown - not tested,CONFIRMED NOT on Tyler DNS pattern,"CONFIRMED REAL - GovEase (not Bid4Assets), Feb 25 2026 auction",Unknown - not tested,GIS/API (ArcGIS),"Real Excess Proceeds Claim Policy PDF exists, not yet extracted for parcel-level content",Unknown - not tested,Unknown - not tested,Yellow,"Not yet tested this session. Next: confirm assessor endpoint live with a real APN, search for an official auction/excess-proceeds document before building anything."
Del Norte,,,,,,,,,,,,,,,,,,2026-08-08 (discovery pass batch 1 - real live checks + web search),Unknown - not tested,"CONFIRMED LIVE 2026-08-08 (direct httpx test, base path only, no APN needed): real MPTS system at common1.mptsweb.com/mbap/delnorte/asr/ - replaces prior unverified yaml guess",Unknown - not tested,CONFIRMED REAL - real Tyler EagleWeb disclaimer page found at delnortecountyca-web.tylerhost.net,"CONFIRMED REAL - GovEase, May 15 2026 + June 12 2026 re-offer",Unknown - not tested,HTML (MPTS) - CONFIRMED,Unknown - not tested,Unknown - not tested,Unknown - not tested,Yellow,"Not yet tested this session. Next: confirm assessor endpoint live with a real APN, search for an official auction/excess-proceeds document before building anything."
El Dorado,,,,,,,,,,,,,,,,,,2026-08-08 (discovery pass batch 1 - real live checks + web search),Unknown - not tested,"CONFIRMED LIVE 2026-08-08 (direct httpx test, base path only, no APN needed): real MPTS system at common1.mptsweb.com/mbap/eldorado/asr/ - replaces prior unverified yaml guess",Unknown - not tested,CONFIRMED NOT on Tyler DNS pattern,"CONFIRMED REAL - Bid4Assets, Nov 6 2026 (note: also a separate timeshare auction same day - don't conflate), $3,000 deposit requirement",Unknown - not tested,HTML (MPTS) - CONFIRMED,Unknown - not tested,Unknown - not tested,Unknown - not tested,Yellow,"Not yet tested this session. Next: confirm assessor endpoint live with a real APN, search for an official auction/excess-proceeds document before building anything."
Fresno,"assrmaps.co.fresno.ca.us/binlookup/ParcelLookup.aspx - free, live, NO bot protection at all. APN format: Book-Page-Parcel (3-3-2 digits).",Not separately explored - min bid comes directly from the official Board resolution,"fresnocountyca-web.tylerhost.net - real Tyler self-service portal. Disclaimer gated by REAL Google reCAPTCHA v2, confirmed blocked even after directly clicking the checkbox with a stealth browser.",Not explored,Realauction.com,"Sept 10-11, 2026 (confirmed via Resolution 26-245, File 26-0600, adopted 2026-06-16)",Full official 159-parcel list parsed from the resolution PDF; 158/159 live-verified,Working - fresno_real_pull.py (assessor). No working recorder connector.,DOUBLE WALL: owner lookup removed by CA law Jan 2025 (no public APN-to-owner match) AND recorder is reCAPTCHA-blocked - owner name is not obtainable for this county right now by any method tried,Financial data: high (158/159 live-verified). Owner verification: zero.,$0 for assessor. Recorder needs a paid service or manual solve (same as Tehama).,Not built,Not built yet,None on assessor; Google reCAPTCHA v2 on recorder,Untested past the disclaimer page (blocked),"YES - confirmed real, CA Gov Code 6254.21/7928.205 pattern, county removed public lookup Jan 2025","YES - Board of Supervisors Resolution 26-245 (File 26-0600), real signed PDF",2026-08-08,"Yes - full official 159-parcel list, parsed from a real Board of Supervisors resolution PDF","Yes - assrmaps.co.fresno.ca.us, live, free, ZERO bot protection",Yes - same official resolution gives default case numbers + min bids directly,"BLOCKED - Tyler self-service, real Google reCAPTCHA v2, confirmed blocked even after direct checkbox click test","Yes - Realauction.com, Sept 10-11 2026, real official Resolution 26-245 (File 26-0600)",Not tested (no repeat-check built),PDF (official resolution) + HTML (assessor),High for financial data (158/159 live-verified); ZERO for owner (also legally restricted - CA law removed public lookup Jan 2025),Low for assessor (no bot protection at all); recorder is a hard wall,"158 real parcels, real official min bids, but owner-unverified for all - dossier product limited to financial-only unless recorder solved","Yellow - financial chain proven and excellent (best official-source find of the night), owner-identity chain broken (legal + technical)",Same recorder reCAPTCHA blocker as Tehama. Owner lookup is ALSO permanently legally restricted (Jan 2025 CA law) - this one has no future fix.
Glenn,,,,,,,,,,,,,,,,,,2026-08-08 (discovery pass batch 1 - real live checks + web search),Unknown - not tested,"CONFIRMED LIVE 2026-08-08 (direct httpx test, base path only, no APN needed): real MPTS system at common1.mptsweb.com/mbap/glenn/asr/ - replaces prior unverified yaml guess",Unknown - not tested,CONFIRMED REAL - real Tyler EagleWeb disclaimer page found at glenncountyca-web.tylerhost.net,Auction PROCESS confirmed via county FAQ PDF; no 2026 date found this pass,Unknown - not tested,HTML (MPTS) - CONFIRMED,Unknown - not tested,Unknown - not tested,Unknown - not tested,Unknown,"Not yet tested this session. Next: confirm assessor endpoint live with a real APN, search for an official auction/excess-proceeds document before building anything."
Humboldt,"MPTS (common1.mptsweb.com/mbap/humboldt/asr/AsrPrint) - CONFIRMED LIVE 2026-08-08 (real APN 016232003000: situs 2919 HARRIS ST EUREKA, land $91,022, total $178,632 - matches independently). No owner field (privacy restriction, not a bug).",Presumed same MPTS system - not independently verified tonight,"Tyler (humboldtcountyca-web.tylerhost.net) - bare root URL 404s, real search path not yet found (same pattern as Kern/Fresno - needs a specific ActionGroup path). Prior session's yaml claims specific field IDs confirmed live 8/2 - still unverified by me.","72,228-parcel master index exists (archive/tax_pipeline/humboldt_AUTHORITATIVE_master_index.csv)",GovEase,"2026 auction already occurred May 29, 2026. Next cycle not yet announced.",Master index exists but pre-auction connector not built/tested this session,Only excess-proceeds enrichment built (humboldt_excess_enrich.py). No live pre-auction connector run tonight.,"Found and purged 207 pre-existing FABRICATED excess-claim files (report_builder.py test-fixture contamination, e.g. owner 'CASEY B A' appearing on 3 unrelated parcels) - also found the same contamination in data/counties/humboldt/excess_proceeds.csv and tax_deed_parcels.csv, which fed the Streamlit dashboard directly",High for the 30 real excess-proceeds records (signed government notice). Pre-auction side: unverified/unbuilt tonight.,$0 for the excess-proceeds PDF. Assessor/recorder cost unknown (untested tonight).,Not built,"YES - real official signed notice, 30 parcels, $635,951.08 confirmed total",Cloudflare-style block on the document download link - bypassed automatically via stealth browser + proper download handling (no CAPTCHA solve needed),Unknown (untested tonight),Unknown,"YES - official 'Notice of Right to Claim Excess Proceeds,' signed by Tax Collector, published in North Coast Journal",2026-08-08 (assessor only; recorder still unverified),"Yes - 72,228-parcel master index exists (archive/tax_pipeline/humboldt_AUTHORITATIVE_master_index.csv)","Yes - CONFIRMED LIVE tonight (MPTS, real APN tested, real values matched independently)",Unknown - not tested tonight beyond the single assessor confirm,"Unknown - bare root URL 404s, real search path not found tonight; prior yaml claims specific field IDs confirmed 8/2, unverified by me","Partial - 2026 auction already occurred (May 29, 2026), GovEase confirmed, next cycle not yet announced",Not applicable yet (no live pre-auction connector run),"PDF (excess-proceeds notice, official, signed) + HTML (assessor)",High for excess-proceeds (signed government notice); found and purged real fabricated contamination in 2 separate pre-existing files tonight,Low observed so far (Cloudflare-style block on the PDF download link passed automatically with a stealth browser),"30 real excess-proceeds leads, $635,951.08 confirmed total. Pre-auction side: unbuilt, next cycle not yet scheduled.",Yellow - excess-proceeds chain proven real; pre-auction chain untested,"Find the real recorder search path (same pattern as Kern - the bare Tyler root 404s, needs the actual ActionGroup URL)"
Imperial,,,,,,,,,,,,,,,,,,2026-08-08 (discovery pass batch 1 - real live checks + web search),Unknown - not tested,"CONFIRMED LIVE 2026-08-08 (direct httpx test, base path only, no APN needed): real MPTS system at common1.mptsweb.com/mbap/imperial/asr/ - replaces prior unverified yaml guess",Unknown - not tested,CONFIRMED NOT on Tyler DNS pattern,"CONFIRMED REAL - Bid4Assets, Feb 20-23 2026",Unknown - not tested,HTML (MPTS) - CONFIRMED,"Real 'Impending Publication of Power to Sell' PDF (May 2026) exists, not yet extracted",Unknown - not tested,Unknown - not tested,Yellow,"Not yet tested this session. Next: confirm assessor endpoint live with a real APN, search for an official auction/excess-proceeds document before building anything."
Inyo,,,,,,,,,,,,,,,,,,2026-08-08 (discovery pass batch 1 - real live checks + web search),Unknown - not tested,"CONFIRMED NOT on MPTS 2026-08-08 (direct httpx test, both common1/common2 hosts, base path) - prior yaml guess of 'mpts' backend for this county is WRONG if it said so, or county genuinely uses a different system",Unknown - not tested,CONFIRMED NOT on Tyler DNS pattern,NO AUCTION CURRENTLY SCHEDULED - county explicitly states this,Unknown - not tested,HTML (MPTS),Unknown - not tested,Unknown - not tested,Unknown - not tested,Red/Inactive - no current business trigger,"Not yet tested this session. Next: confirm assessor endpoint live with a real APN, search for an official auction/excess-proceeds document before building anything."
Kern,"assessorapps.kerncounty.com - free, live, stealth browser + Telerik CAPTCHA (OCR-solvable)","kcttc.co.kern.ca.us - free, live, same Telerik CAPTCHA type. Current-year secured bill query returns 'no bill, check after Sept 1' for already-defaulted parcels - separate defaulted/redemption-roll query not yet found","recorderonline.co.kern.ca.us - real. TWO search modes found: grantor/grantee name (no APN field, NOT parcel-tied) and document-number (Osearchn.mbr - IS parcel-tied, using doc# captured from the assessor page)","Kern GIS Open Data 'Assessor Parcels Land' dataset, ~421,684 APNs (per user, not independently verified by me tonight)",GovEase,"Sept 14-16, 2026. Real current list NOT yet published (expected ~Aug 15-17, per county's '30 days prior' policy)","kern_REAL_AUCTION_PARCELS_CLEAN.csv - 940-row HISTORICAL snapshot, not the live Sept list","Working - kern_real_pull.py (assessor), kern_recorder_by_docnum.py (recorder, both-sites verified - USE THIS). kern_owner_resolve_batch.py (name-only recorder method) is superseded/weaker","Recorder name-search only confirms a name exists somewhere in the county, not tied to a parcel - use doc-number search instead. Browser session degrades under sustained load (fixed via page recycling every 25 requests). TESSDATA_PREFIX must be set in-process or CAPTCHA solving silently fails with no error.","High for 245 doc-number-verified parcels (both sites). Snapshot itself is historical, not the live auction list.","$0, all free",Not built,Not built yet,"Telerik RadCaptcha (free, OCR-solvable) on both assessor and tax collector",Both name-only (not parcel-tied) and document-number (parcel-tied) available - use document-number,None known,Not found yet (no Board of Supervisors resolution located),2026-08-08,"Yes - kern_REAL_AUCTION_PARCELS_CLEAN.csv (940-row historical snapshot) + county GIS Open Data (~421,684 APNs, per user, unverified by me)","Yes - assessorapps.kerncounty.com, live, free, CAPTCHA-solvable (Telerik/OCR)",Yes - same assessor page shows Net Total Taxable Value + status,Yes - TWO modes: name-search (not parcel-tied) and document-number search (IS parcel-tied) - use doc-number,"Partial - GovEase confirmed platform, Sept 14-16 2026 date confirmed, but the REAL current list not yet published (expected ~Aug 15-17)",Yes - proven (likely_already_transferred filter + doc-number method caught 57+ parcels already privately sold that the weaker filter missed),"HTML, form-based (assessor + recorder), CAPTCHA image","High - 245 parcels both-sites-verified with real doc numbers, dates, grantor/grantee","Medium - CAPTCHA on 2 sites (solved, free), session degrades under load (fixed via page recycling)",245 real parcels processed end-to-end; true current auction-eligible count unknown until Aug list drops. Bakersfield metro - real investor market.,Green - full chain proven repeatable on the historical snapshot; needs re-run against the real Sept list once published,"Wait for/find the real Sept 2026 auction list (~Aug 15-17), re-run the proven pipeline against it"
Kings,,,,,,,,,,,,,,,,,,2026-08-08 (discovery pass batch 1 - real live checks + web search),Unknown - not tested,"CONFIRMED LIVE 2026-08-08 (direct httpx test, base path only, no APN needed): real MPTS system at common1.mptsweb.com/mbap/kings/asr/ - replaces prior unverified yaml guess",Unknown - not tested,CONFIRMED REAL - real Tyler EagleWeb disclaimer page found at kingscountyca-web.tylerhost.net,"CONFIRMED REAL - Bid4Assets, March 2026, real published legal notice in Hanford Sentinel",Unknown - not tested,HTML (MPTS) - CONFIRMED,Unknown - not tested,Unknown - not tested,Unknown - not tested,Yellow,"Not yet tested this session. Next: confirm assessor endpoint live with a real APN, search for an official auction/excess-proceeds document before building anything."
Lake,,,,,,,,,,,,,,,,,,2026-08-08 (discovery pass batch 1 - real live checks + web search),Unknown - not tested,"CONFIRMED LIVE 2026-08-08 (direct httpx test, base path only, no APN needed): real MPTS system at common1.mptsweb.com/mbap/lake/asr/ - replaces prior unverified yaml guess",Unknown - not tested,CONFIRMED REAL - real Tyler EagleWeb disclaimer page found at lakecountyca-web.tylerhost.net,"Real dated publication series exists ('TDLS 164,' dated March 31 2026), not yet opened",Unknown - not tested,HTML (MPTS) - CONFIRMED,Unknown - not tested,Unknown - not tested,Unknown - not tested,Yellow,"Not yet tested this session. Next: confirm assessor endpoint live with a real APN, search for an official auction/excess-proceeds document before building anything."
Lassen,,,,,,,,,,,,,,,,,,2026-08-08 (discovery pass batch 2 - web search),Unknown - not tested,"CONFIRMED NOT on MPTS 2026-08-08 (direct httpx test, both common1/common2 hosts, base path) - prior yaml guess of 'mpts' backend for this county is WRONG if it said so, or county genuinely uses a different system",Unknown - not tested,Per prior scaffolding (UNVERIFIED this session): backend=county_portal - marked undiscovered in scaffolding,"CONFIRMED REAL - Bid4Assets, May 15-18 2026",Unknown - not tested,HTML (MPTS),"Real 'May 2025 Tax Sale Excess Proceeds' PDF exists (county TTC site), not yet extracted",Unknown - not tested,Unknown - not tested,Yellow,"Not yet tested this session. Next: confirm assessor endpoint live with a real APN, search for an official auction/excess-proceeds document before building anything."
Los Angeles,,,,,,,,,,,,,,,,,,2026-08-08 (discovery pass batch 2 - web search),Unknown - not tested,"CONFIRMED LIVE (real MPTS system, common1.mptsweb.com/mbap/la/asr/, tested directly tonight - see Exception Log for socrata-vs-mpts note)",Unknown - not tested,Per prior scaffolding (UNVERIFIED this session): backend=county_portal - marked undiscovered in scaffolding,"CONFIRMED REAL - GovEase, April 18-21 2026 (note: old Bid4Assets storefront listings also exist - possible platform switch, unreconciled)",Unknown - not tested,HTML (MPTS) - CONFIRMED,"Dedicated ttc.lacounty.gov excess-proceeds pages exist, no parcel-level list found this pass",Unknown - not tested,Largest CA county by far - even a small % conversion would be very high value. Worth prioritizing a real deep-dive despite complexity.,"Yellow - high priority given county size/market, worth a deeper pass","Not yet tested this session. Next: confirm assessor endpoint live with a real APN, search for an official auction/excess-proceeds document before building anything."
Madera,,,,,,,,,CORRECTED FROM EARLIER SUMMARY: the 'Aug 27 2026 deadline' and '$1.3M+ recovered' figures from the initial discovery pass conflated two DIFFERENT sale cycles (May 2026 sale has deadline 2027-06-08; the Aug 27 2026 deadline belongs to the OLDER Aug 2025 re-offer sale). Verified directly from primary source documents before any extraction - see county-signal-exception-log.csv.,,,,,,,,,"2026-08-08 (fully verified: 2 PDFs downloaded, hashed, extracted, cross-checked against primary source)",Unknown - not tested,"CONFIRMED LIVE 2026-08-08 (direct httpx test, base path only, no APN needed): real MPTS system at common1.mptsweb.com/mbap/madera/asr/ - replaces prior unverified yaml guess",Unknown - not tested,Per prior scaffolding (UNVERIFIED this session): backend=county_portal,"CONFIRMED REAL, TWO DISTINCT SALES VERIFIED - May 2026 sale (auction May 11-14 2026) and August 2025 Re-Offer sale (auction Aug 8 2025). Both Bid4Assets.",Unknown - not tested,HTML (MPTS) - CONFIRMED,"FULLY EXTRACTED AND VERIFIED - 25 real records ($1,022,950.52 total) from 2 separate official PDFs, both hashed (sha256) and saved as raw artifacts. Real deadlines stated directly in each document: May 2026 sale -> 2027-06-08; Aug 2025 re-offer -> 2026-08-27 (URGENT, 19 days out).","Medium - Akamai edge protection blocks plain curl (403), requires stealth browser + proper download handling (same as Shasta/Tulare pattern)","Real, large ($1.3M+) recovery amount confirmed by the county itself, deadline still open - high near-term value",Yellow (excess-proceeds fully verified and extracted; pre-auction/assessor/recorder chain still untested),None for excess-proceeds - complete. Pre-auction side (assessor/recorder) not yet tested.
Marin,,,,,,,,,,,,,,,,,,2026-08-08 (discovery pass batch 2 - web search),Unknown - not tested,"CONFIRMED NOT on MPTS 2026-08-08 (direct httpx test, both common1/common2 hosts, base path) - prior yaml guess of 'mpts' backend for this county is WRONG if it said so, or county genuinely uses a different system",Unknown - not tested,Per prior scaffolding (UNVERIFIED this session): backend=tyler,"Uses 'Public Surplus' - a distinct platform not seen anywhere else tonight, unconfirmed what this actually is",Unknown - not tested,HTML (MPTS),Unknown - not tested,Unknown - not tested,Unknown - not tested,Unknown,"Not yet tested this session. Next: confirm assessor endpoint live with a real APN, search for an official auction/excess-proceeds document before building anything."
Mariposa,,,,,,,,,,,,,,,,,,2026-08-08 (discovery pass batch 2 - web search),Unknown - not tested,"CONFIRMED NOT on MPTS 2026-08-08 (direct httpx test, both common1/common2 hosts, base path) - prior yaml guess of 'mpts' backend for this county is WRONG if it said so, or county genuinely uses a different system",Unknown - not tested,Per prior scaffolding (UNVERIFIED this session): backend=county_portal,CONFIRMED REAL - next tax sale August 6 2026 (2 days before this check ran),Unknown - not tested,HTML (MPTS),"Real 'September 2025 Excess Proceeds Publication' mentioned as available, not yet extracted",Unknown - not tested,Unknown - not tested,"Yellow - small county, likely low volume","Not yet tested this session. Next: confirm assessor endpoint live with a real APN, search for an official auction/excess-proceeds document before building anything."
Mendocino,,,,,,,,,,,,,,,,,,2026-08-08 (discovery pass batch 2 - web search),Unknown - not tested,"CONFIRMED NOT on MPTS 2026-08-08 (direct httpx test, both common1/common2 hosts, base path) - prior yaml guess of 'mpts' backend for this county is WRONG if it said so, or county genuinely uses a different system",Unknown - not tested,Per prior scaffolding (UNVERIFIED this session): backend=county_portal - marked undiscovered in scaffolding,Auctions typically held in May; no 2026-specific document found. Excess-proceeds forms 'released in conjunction with next scheduled auction' per county - none currently posted.,Unknown - not tested,HTML (MPTS),Unknown - not tested,Unknown - not tested,Unknown - not tested,Unknown/low signal right now,"Not yet tested this session. Next: confirm assessor endpoint live with a real APN, search for an official auction/excess-proceeds document before building anything."
Merced,,,,,"INCONSISTENT - county's own site text says GovEase, but web search also shows Bid4Assets listings for Merced (2022) - unresolved, needs direct check",No confirmed 2026 date found,,"Not started - deprioritized, low current signal",Low priority for now - no current auction or excess-proceeds document found. Revisit later.,,,,"No current document found - county's own 'Excess Proceeds Results' page's latest entry is May 2023. Either no auction since, or county is behind on publishing.",,,,"Checked, none current found (county page exists but not updated past 2023)","2026-08-08 (web search only, no live site tests)",Unknown - not tested,"CONFIRMED LIVE 2026-08-08 (direct httpx test, base path only, no APN needed): real MPTS system at common1.mptsweb.com/mbap/merced/asr/ - replaces prior unverified yaml guess",Partial - county publishes 'Defaulted Tax Information' page but no current 2026 schedule,Per prior scaffolding (UNVERIFIED this session): backend=county_portal - marked undiscovered in scaffolding,"Unresolved - county's own page says GovEase, web search shows historical Bid4Assets (2022) - inconsistent, unreconciled",Unknown - not tested,HTML (MPTS) - CONFIRMED,Low currently - excess-proceeds results page's latest entry is May 2023,Unknown - not tested,Unknown - not tested,Unknown (assessor confirmed live; tax-status/recorder/auction chain not yet tested),Resolve GovEase vs Bid4Assets inconsistency directly; call county Tax Collector if needed
Modoc,,,,,,,,,,,,,,,,,,2026-08-08 (discovery pass batch 2 - web search),Unknown - not tested,"CONFIRMED LIVE 2026-08-08 (direct httpx test, base path only, no APN needed): real MPTS system at common1.mptsweb.com/mbap/modoc/asr/ - replaces prior unverified yaml guess",Unknown - not tested,Per prior scaffolding (UNVERIFIED this session): backend=county_portal - marked undiscovered in scaffolding,"CONFIRMED REAL - Bid4Assets (used since 2007), May 15-18 2026 sale",Unknown - not tested,HTML (MPTS) - CONFIRMED,"STRONG FIND - real 'NOTICE OF RIGHT TO CLAIM EXCESS PROCEEDS' PDF found (cms5.revize.com/revize/modoc/...) covering the 2026 sale. CAUTION: filename says '2025' but content covers the 2026 sale - filename dating unreliable for this county, don't trust date from filename alone.",Unknown - not tested,Unknown - not tested,Yellow - good candidate for next real extraction pass,"Not yet tested this session. Next: confirm assessor endpoint live with a real APN, search for an official auction/excess-proceeds document before building anything."
Mono,,,,,,,,,,,,,,,,,,2026-08-08 (discovery pass batch 2 - web search),"Has a separate 'Property Tax Default List' page - potential real parcel/APN source, not yet extracted","CONFIRMED LIVE 2026-08-08 (direct httpx test, base path only, no APN needed): real MPTS system at common1.mptsweb.com/mbap/mono/asr/ - replaces prior unverified yaml guess",Unknown - not tested,Per prior scaffolding (UNVERIFIED this session): backend=county_portal - marked undiscovered in scaffolding,"Has a dedicated, well-organized 'Property Tax Auction Excess Proceeds Notices' page",Unknown - not tested,HTML (MPTS) - CONFIRMED,Most recent excess-proceeds listing found was Nov 2023/Feb 2024 - STALE,Unknown - not tested,Unknown - not tested,Yellow/Unknown mix,"Not yet tested this session. Next: confirm assessor endpoint live with a real APN, search for an official auction/excess-proceeds document before building anything."
Monterey,,,,,,,,,,,,,,,,,,2026-08-08 (discovery pass batch 2 - web search),Unknown - not tested,"CONFIRMED LIVE 2026-08-08 (direct httpx test, base path only, no APN needed): real MPTS system at common1.mptsweb.com/mbap/monterey/asr/ - replaces prior unverified yaml guess",Unknown - not tested,Per prior scaffolding (UNVERIFIED this session): backend=county_portal - marked undiscovered in scaffolding,"CONFIRMED REAL - Bid4Assets, re-offer auction closing May 27 2026",Unknown - not tested,HTML (MPTS) - CONFIRMED,"Real 'Claim Form and Tax Sale Excess Proceeds Guide' + 'Excess Proceeds Notice' pages exist, current parcel-level status unconfirmed",Unknown - not tested,Unknown - not tested,Yellow,"Not yet tested this session. Next: confirm assessor endpoint live with a real APN, search for an official auction/excess-proceeds document before building anything."
Napa,,,,,,,,,,,,,,,,,,2026-08-08 (discovery pass batch 2 - web search),Unknown - not tested,"CONFIRMED LIVE 2026-08-08 (direct httpx test, base path only, no APN needed): real MPTS system at common1.mptsweb.com/mbap/napa/asr/ - replaces prior unverified yaml guess",Unknown - not tested,Per prior scaffolding (UNVERIFIED this session): backend=county_portal - marked undiscovered in scaffolding,"Excess-proceeds page explicitly titled '2018 Auction Excess Proceeds' - STALE, no current data surfaced",Unknown - not tested,HTML (MPTS) - CONFIRMED,Unknown - not tested,Unknown - not tested,Unknown - not tested,Unknown/weak,"Not yet tested this session. Next: confirm assessor endpoint live with a real APN, search for an official auction/excess-proceeds document before building anything."
Nevada,,,,,,,,,,,,,,,,,,"2026-08-08 (primary source PDF verified directly, contradiction resolved)",Unknown - not tested,"CONFIRMED LIVE 2026-08-08 (direct httpx test, base path only, no APN needed): real MPTS system at common1.mptsweb.com/mbap/nevada/asr/ - replaces prior unverified yaml guess",Unknown - not tested,Per prior scaffolding (UNVERIFIED this session): backend=county_portal - marked undiscovered in scaffolding,"CONFIRMED REAL, STRONG - GovEase, Nov 13 2025 auction, claim forms mailed March-April 2026",Unknown - not tested,HTML (MPTS) - CONFIRMED,"CORRECTED 2026-08-08: earlier finding of 'claim window open through Dec 19 2026' was WRONG - verified directly against the real PDF, actual deadline was Nov 27 2025 (misread the document's execution date as a deadline). That sale's claim window is EXPIRED as of today, not active.",Unknown - not tested,"Real, current, open claim window through Dec 2026 - high urgency, worth prioritizing",Red/Expired for the Nov 2024 sale specifically - a possible newer Nov 2025 auction not yet verified,"Check whether the Nov 13 2025 auction (notice found, not yet a finalized excess-proceeds doc) produced excess proceeds - would need its own primary-source verification, not assumed"
Orange,,,,,,,,,,,,,,,,,,2026-08-08 (discovery pass batch 2 - web search),Unknown - not tested,"CONFIRMED NOT on MPTS 2026-08-08 (direct httpx test, both common1/common2 hosts, base path) - prior yaml guess of 'mpts' backend for this county is WRONG if it said so, or county genuinely uses a different system",Unknown - not tested,Per prior scaffolding (UNVERIFIED this session): backend=county_portal - marked undiscovered in scaffolding,"Dedicated OC Treasurer-Tax Collector excess-proceeds and auction pages exist, real Bid4Assets listing confirmed",Unknown - not tested,GIS/API (ArcGIS),No current parcel-level document found this pass,Unknown - not tested,Unknown - not tested,Unknown/Yellow,"Not yet tested this session. Next: confirm assessor endpoint live with a real APN, search for an official auction/excess-proceeds document before building anything."
Placer,,,,,,,,,,,,,,,,,,2026-08-08 (discovery pass batch 3 - web search + PDF download confirmation),Unknown - not tested,"CONFIRMED LIVE 2026-08-08 (direct httpx test, base path only, no APN needed): real MPTS system at common1.mptsweb.com/mbap/placer/asr/ - replaces prior unverified yaml guess",Unknown - not tested,Per prior scaffolding (UNVERIFIED this session): backend=county_portal - marked undiscovered in scaffolding,CONFIRMED REAL - 2026 Tax Land Sale Oct 21 2026 (placer.ca.gov),Unknown - not tested,HTML (MPTS) - CONFIRMED,Unknown - not tested,Unknown - not tested,Unknown - not tested,Yellow,"Not yet tested this session. Next: confirm assessor endpoint live with a real APN, search for an official auction/excess-proceeds document before building anything."
Plumas,,,,,,,,,"Local news (plumassun.org) reports county had to refund $166,900 from a botched June 2025 sale due to office errors - real data-quality risk if this county is ever built out",,,,,,,,,2026-08-08 (discovery pass batch 3 - web search + PDF download confirmation),Unknown - not tested,"CONFIRMED LIVE 2026-08-08 (direct httpx test, base path only, no APN needed): real MPTS system at common1.mptsweb.com/mbap/plumas/asr/ - replaces prior unverified yaml guess",Unknown - not tested,Per prior scaffolding (UNVERIFIED this session): backend=county_portal,"CONFIRMED REAL - Bid4Assets, June 2025 sale + Sept 2025 re-offer",Unknown - not tested,HTML (MPTS) - CONFIRMED,Unknown - not tested,Unknown - not tested,Unknown - not tested,Yellow,"Not yet tested this session. Next: confirm assessor endpoint live with a real APN, search for an official auction/excess-proceeds document before building anything."
Riverside,,,,,,,,,,,,,,,,,,2026-08-08 (discovery pass batch 3 - web search + PDF download confirmation),Unknown - not tested,"CONFIRMED NOT on MPTS 2026-08-08 (direct httpx test, both common1/common2 hosts, base path) - prior yaml guess of 'mpts' backend for this county is WRONG if it said so, or county genuinely uses a different system",Unknown - not tested,Per prior scaffolding (UNVERIFIED this session): backend=county_portal - marked undiscovered in scaffolding,"CONFIRMED REAL, LARGE - 826-946 tax-defaulted parcels, April 23-28 2026, Bid4Assets. Real Terms of Sale PDF + real Board submittal PDF on excess proceeds (media.rivcocob.org).",Unknown - not tested,GIS/API (ArcGIS),Real 'Inventory of all Tax Defaulted Property' page exists,Unknown - not tested,One of the largest-volume counties found this pass (800+ parcels) - high inventory potential,Yellow - strong candidate for deeper follow-up,"Not yet tested this session. Next: confirm assessor endpoint live with a real APN, search for an official auction/excess-proceeds document before building anything."
Sacramento,,,,,,,,,,,,,,,,,,2026-08-08 (discovery pass batch 3 - web search + PDF download confirmation),Unknown - not tested,"CONFIRMED NOT on MPTS 2026-08-08 (direct httpx test, both common1/common2 hosts, base path) - prior yaml guess of 'mpts' backend for this county is WRONG if it said so, or county genuinely uses a different system",Unknown - not tested,Per prior scaffolding (UNVERIFIED this session): backend=county_portal - marked undiscovered in scaffolding,"CONFIRMED REAL - Bid4Assets, biannual (main sale last Monday of Feb, re-offer May/June), 2026 redemption deadline May 15 2026",Unknown - not tested,API (Socrata),Real dedicated Excess Proceeds FAQ page (finance.saccounty.gov) - no charge to file,Unknown - not tested,Unknown - not tested,Yellow,"Not yet tested this session. Next: confirm assessor endpoint live with a real APN, search for an official auction/excess-proceeds document before building anything."
San Benito,,,,,,,,,,,,,,,,,,2026-08-08 (discovery pass batch 3 - web search + PDF download confirmation),Unknown - not tested,"CONFIRMED LIVE 2026-08-08 (direct httpx test, base path only, no APN needed): real MPTS system at common1.mptsweb.com/mbap/sanbenito/asr/ - replaces prior unverified yaml guess",Unknown - not tested,Per prior scaffolding (UNVERIFIED this session): backend=county_portal,"CONFIRMED REAL - GovEase, next auction October 2026",Unknown - not tested,HTML (MPTS) - CONFIRMED,Real dedicated 'Notice of Excess Proceeds' page structure with multiple real sub-pages,Unknown - not tested,Unknown - not tested,Yellow,"Not yet tested this session. Next: confirm assessor endpoint live with a real APN, search for an official auction/excess-proceeds document before building anything."
San Bernardino,,,,,,,,,,,,,,,,,,2026-08-08 (discovery pass batch 3 - web search + PDF download confirmation),Unknown - not tested,"CONFIRMED NOT on MPTS 2026-08-08 (direct httpx test, both common1/common2 hosts, base path) - prior yaml guess of 'mpts' backend for this county is WRONG if it said so, or county genuinely uses a different system",Unknown - not tested,Per prior scaffolding (UNVERIFIED this session): backend=county_portal - marked undiscovered in scaffolding,"CONFIRMED REAL - occurred July 11-17 2026. THIRD PLATFORM FAMILY FOUND: sbcounty.mytaxsale.com (MyTaxSale.com, not Bid4Assets/GovEase)",Unknown - not tested,GIS/API (ArcGIS),Real policy PDF on excess-proceeds claims (Policy No. 05-52),Unknown - not tested,Unknown - not tested,Yellow,"Not yet tested this session. Next: confirm assessor endpoint live with a real APN, search for an official auction/excess-proceeds document before building anything."
San Diego,,,,,,,,,,,,,,,,,,2026-08-08 (discovery pass batch 3 - web search + PDF download confirmation),Unknown - not tested,"CONFIRMED NOT on MPTS 2026-08-08 (direct httpx test, both common1/common2 hosts, base path) - prior yaml guess of 'mpts' backend for this county is WRONG if it said so, or county genuinely uses a different system",Unknown - not tested,Per prior scaffolding (UNVERIFIED this session): backend=county_portal - marked undiscovered in scaffolding,"CONFIRMED REAL, VERY LARGE - March 2026 auction: 686 properties (70 improved homes, 66 unimproved lots, 550 timeshares), $18.2M tax revenue generated. Platform: sdttc.mytaxsale.com.",Unknown - not tested,API (Socrata),Real dedicated excess-proceeds page (sdttc.com),Unknown - not tested,Highest-volume single find of this discovery pass - very strong candidate,Yellow - strong candidate,"Not yet tested this session. Next: confirm assessor endpoint live with a real APN, search for an official auction/excess-proceeds document before building anything."
San Francisco,,,,,,,,,,,,,,,,,,2026-08-08 (discovery pass batch 3 - web search + PDF download confirmation),Unknown - not tested,"CONFIRMED NOT on MPTS 2026-08-08 (direct httpx test, both common1/common2 hosts, base path) - prior yaml guess of 'mpts' backend for this county is WRONG if it said so, or county genuinely uses a different system",Unknown - not tested,Per prior scaffolding (UNVERIFIED this session): backend=county_portal - marked undiscovered in scaffolding,"CONFIRMED REAL - April 20-23 2026 (internet) + May 14 2026 (sealed bid, City Hall). Platform: sanfrancisco.mytaxsale.com.",Unknown - not tested,API (Socrata),"Real official auction-publication PDF found, directly downloadable (sftreasurer.org)",Unknown - not tested,Unknown - not tested,Yellow,"Not yet tested this session. Next: confirm assessor endpoint live with a real APN, search for an official auction/excess-proceeds document before building anything."
San Joaquin,,,,,,,,,,,,,,,,,,2026-08-08 (discovery pass batch 3 - web search + PDF download confirmation),Unknown - not tested,"CONFIRMED LIVE 2026-08-08 (direct httpx test, base path only, no APN needed): real MPTS system at common1.mptsweb.com/mbap/sanjoaquin/asr/ - replaces prior unverified yaml guess",Unknown - not tested,Per prior scaffolding (UNVERIFIED this session): backend=county_portal - marked undiscovered in scaffolding,"CONFIRMED REAL - March 11-12 2026, Bid4Assets",Unknown - not tested,HTML (MPTS) - CONFIRMED,"BEST FIND OF THIS DISCOVERY PASS - real official PDF 'San Joaquin County Tax Sale Excess Proceeds List March 11-12 2026' (sjgov.org), confirmed downloaded (450KB), description explicitly states it contains PREVIOUS OWNER, SITUS ADDRESS, REDEMPTION AMOUNT, PURCHASE PRICE, AND EXCESS PROCEEDS - names + amounts together, same gold-standard pattern as Tulare tonight. Not yet text-extracted (needs pypdf).",Unknown - not tested,Unknown - not tested,Yellow - HIGHEST PRIORITY next validation step of the entire discovery pass,Extract the real PDF with pypdf (same method as Fresno/Humboldt/Tulare) - source already confirmed real and downloaded
San Luis Obispo,,,,,,,,,,,,,,,,,,2026-08-08 (discovery pass batch 3 - web search + PDF download confirmation),Unknown - not tested,"CONFIRMED NOT on MPTS 2026-08-08 (direct httpx test, both common1/common2 hosts, base path) - prior yaml guess of 'mpts' backend for this county is WRONG if it said so, or county genuinely uses a different system",Unknown - not tested,Per prior scaffolding (UNVERIFIED this session): backend=county_portal - marked undiscovered in scaffolding,"CONFIRMED REAL, ongoing program - 'Sale #268' results page + dedicated 'Results of Previous Auctions' archive (slocounty.ca.gov)",Unknown - not tested,GIS/API (ArcGIS),May 28 2025 excess-proceeds notice referenced (likely past its 1-year claim window by now),Unknown - not tested,Unknown - not tested,Yellow,"Not yet tested this session. Next: confirm assessor endpoint live with a real APN, search for an official auction/excess-proceeds document before building anything."
San Mateo,,,,,,,,,,,,,,,,,,2026-08-08 (discovery pass batch 3 - web search + PDF download confirmation),Unknown - not tested,"CONFIRMED NOT on MPTS 2026-08-08 (direct httpx test, both common1/common2 hosts, base path) - prior yaml guess of 'mpts' backend for this county is WRONG if it said so, or county genuinely uses a different system",Unknown - not tested,Per prior scaffolding (UNVERIFIED this session): backend=county_portal - marked undiscovered in scaffolding,"Platform confirmed real (sanmateo.mytaxsale.com), no specific 2026 date found this pass (most recent dated reference Aug 2023)",Unknown - not tested,GIS/API (ArcGIS),"Real downloadable 'Notice of Right to Claim Excess Proceeds' PDF found (smcgov.org/media/146020), not yet dated/extracted",Unknown - not tested,Unknown - not tested,Yellow/Unknown - needs a follow-up search specifically for a 2026 date,"Not yet tested this session. Next: confirm assessor endpoint live with a real APN, search for an official auction/excess-proceeds document before building anything."
Santa Barbara,,,,,,,,,,,,,,,,,,2026-08-08 (discovery pass batch 3 - web search + PDF download confirmation),Unknown - not tested,"CONFIRMED NOT on MPTS 2026-08-08 (direct httpx test, both common1/common2 hosts, base path) - prior yaml guess of 'mpts' backend for this county is WRONG if it said so, or county genuinely uses a different system",Unknown - not tested,Per prior scaffolding (UNVERIFIED this session): backend=county_portal - marked undiscovered in scaffolding,"Platform confirmed real (Bid4Assets), no specific 2026 date or document found this pass",Unknown - not tested,GIS/API (ArcGIS),Unknown - not tested,Unknown - not tested,Unknown - not tested,Unknown - weakest result in this batch,"Not yet tested this session. Next: confirm assessor endpoint live with a real APN, search for an official auction/excess-proceeds document before building anything."
Santa Clara,,,,,,,,,,,,,,,,,,2026-08-08 (discovery pass batch 4 - real live checks + web search),Unknown - not tested,"CONFIRMED NOT on MPTS 2026-08-08 (direct httpx test, both common1/common2 hosts, base path) - prior yaml guess of 'mpts' backend for this county is WRONG if it said so, or county genuinely uses a different system",Unknown - not tested,"Guessed Tyler DNS patterns all failed (weak test, not search-confirmed) - Unknown",Bid4Assets (historical Oct 2017 listing found); no 2026 date confirmed this pass,Unknown - not tested,GIS/API (ArcGIS),County publishes a 'Notice of Right to Claim Excess Proceeds' doc TYPE - current real instance not found,Unknown - not tested,Unknown - not tested,Yellow,"Not yet tested this session. Next: confirm assessor endpoint live with a real APN, search for an official auction/excess-proceeds document before building anything."
Santa Cruz,,,,,,,,,,,,,,,,,,2026-08-08 (discovery pass batch 4 - real live checks + web search),Unknown - not tested,"CONFIRMED NOT on MPTS 2026-08-08 (direct httpx test, both common1/common2 hosts, base path) - prior yaml guess of 'mpts' backend for this county is WRONG if it said so, or county genuinely uses a different system",Unknown - not tested,"santacruzcountyca-web.tylerhost.net DNS-resolves (real infra exists) but root path 404s - functional path unknown, same pattern as Humboldt/Shasta","Bid4Assets, 2026 auction ENDED June 8 2026. Real 'Notice of Impending Power to Sell' dated June 8 2026 exists.",Unknown - not tested,HTML (MPTS),"FLAGGED, NOT TRUSTED - a PDF titled 'SCO Figure 9.8 Notice of Right to Claim...' strongly resembles a State Controller's Office REFERENCE TEMPLATE, not real Santa Cruz-specific data. PDF also unextractable via WebFetch (binary/corrupted). Do not treat as real without re-verification.",Unknown - not tested,Unknown - not tested,"Yellow (auction real; excess-proceeds doc authenticity UNCONFIRMED, possible false lead)",Re-fetch the 'SCO Figure 9.8' PDF with pypdf to confirm whether it's a real filled Santa Cruz notice or a blank state template
Shasta,"MPTS - CONFIRMED LIVE 2026-08-08, but at common1.mptsweb.com, NOT common2 as the county's yaml scaffolding wrongly stated (common2 404s). Real APN 006700004000: vacant land, $34,585 total - matches independently.",Unknown - not tested tonight,"Tyler (recorderselfservice.shastacounty.gov) - bare root URL 404s, real search path not yet found. Prior session's yaml claim unverified by me.",Unknown,Bid4Assets (confirmed via web search); county's own yaml scaffolding incorrectly says GovEase - uncorrected there,"Sales occurred Feb 27 & Mar 27, 2026 - already happened",Unknown,Only excess-proceeds enrichment built (shasta_excess_enrich.py),"Main county site (shastacounty.gov) is behind a Cloudflare JS challenge - plain curl fails with 'Just a moment...', but any real/stealth browser passes it automatically","High for the 23 real excess-proceeds leads (signed notice, real named parties). County does NOT publicly disclose dollar amounts at all - structural gap, not a data-quality issue.",$0,Not built,"YES (partial) - real named parties of interest, but NO dollar amounts published by the county (disclosed to claimant only after filing)",Cloudflare JS challenge on shastacounty.gov (passes automatically with any real/stealth browser),Unknown (untested tonight),Unknown,YES - official signed 'Notice of Right to Claim Excess Proceeds',2026-08-08 (assessor only; recorder still unverified),Unknown - not tested beyond the single assessor confirm,"Yes - CONFIRMED LIVE tonight, but at common1.mptsweb.com, NOT common2 as the county's own yaml scaffolding wrongly stated",Unknown - not tested tonight,"Unknown - bare root URL 404s, real search path not found tonight","Partial - sales occurred Feb 27 & Mar 27 2026, real auction platform not independently confirmed (yaml says GovEase, web search suggests Bid4Assets - unreconciled, same pattern as Merced)",Not applicable yet,PDF (excess-proceeds notice) + HTML (assessor). Main county site is behind Cloudflare.,High for excess-proceeds names (signed notice); ZERO for amounts (county does not publicly disclose them at all - structural),"Low-medium - Cloudflare JS challenge on main site, passes automatically with stealth browser","23 real leads with real named claimants, no dollar amounts available publicly - lower buyer-fit for a cold-outreach product without a number to lead with","Yellow - excess-proceeds chain partially proven (names yes, amounts no); pre-auction chain untested",Resolve GovEase vs Bid4Assets platform inconsistency; find real recorder search path
Sierra,,,,,,,,,,,,,,,,,,2026-08-08 (discovery pass batch 4 - real live checks + web search),Unknown - not tested,"CONFIRMED NOT on MPTS 2026-08-08 (direct httpx test, both common1/common2 hosts, base path) - prior yaml guess of 'mpts' backend for this county is WRONG if it said so, or county genuinely uses a different system",Unknown - not tested,Guessed Tyler DNS patterns all failed - Unknown,"Bid4Assets confirmed (re-offer listing found), no specific date confirmed",Unknown - not tested,HTML (MPTS),Unknown - not tested,Unknown - not tested,Unknown - not tested,Unknown/Yellow,"Not yet tested this session. Next: confirm assessor endpoint live with a real APN, search for an official auction/excess-proceeds document before building anything."
Siskiyou,,,,,,,,,,,,,,,,,,2026-08-08 (discovery pass batch 4 - real live checks + web search),Unknown - not tested,"CONFIRMED LIVE 2026-08-08 (direct httpx test, base path only, no APN needed): real MPTS system at common1.mptsweb.com/mbap/siskiyou/asr/ - replaces prior unverified yaml guess",Unknown - not tested,Guessed Tyler DNS patterns all failed - Unknown,"CONFIRMED REAL - Bid4Assets, primary sale May 8-11 2026, re-offer June 12-15 2026, real 2026 FAQ PDF exists",Unknown - not tested,HTML (MPTS) - CONFIRMED,Unknown - not tested,Unknown - not tested,Unknown - not tested,Yellow,"Not yet tested this session. Next: confirm assessor endpoint live with a real APN, search for an official auction/excess-proceeds document before building anything."
Solano,,,,,,,,,,,,,,,,,,2026-08-08 (discovery pass batch 4 - real live checks + web search),Unknown - not tested,"CONFIRMED NOT on MPTS 2026-08-08 (direct httpx test, both common1/common2 hosts, base path) - prior yaml guess of 'mpts' backend for this county is WRONG if it said so, or county genuinely uses a different system",Unknown - not tested,Guessed Tyler DNS patterns all failed - Unknown,"NOTABLE - uses solano.mytaxsale.com, a DISTINCT platform, not Bid4Assets/GovEase. Real 'Prior Sale Results' page exists. Re-offer June 17-18 2026 confirmed. Real Board Resolution PDF (solano.legistar.com).",Unknown - not tested,GIS/API (ArcGIS),"Claim form + instructions referenced, no parcel-level list found yet",Unknown - not tested,Unknown - not tested,"Yellow - worth a deeper look, unique platform with a real 'Prior Sale Results' page (similar novel pattern to Sonoma)","Not yet tested this session. Next: confirm assessor endpoint live with a real APN, search for an official auction/excess-proceeds document before building anything."
Sonoma,Not tested tonight,e-Tax Billing portal exists (sonomacounty.gov) - not tested tonight,Not tested tonight,Unknown,Bid4Assets (www.bid4assets.com/Sonoma) - confirmed real,"Most recent: Nov 7-10, 2025 (completed). No 2026 auction listed yet on the county's page.","Real Nov 2025 auction results table (57 parcels, embedded directly in the county's own webpage, not a PDF)",Working - sonoma_excess_enrich.py (parses the embedded results table),No separate excess-proceeds notice published with parcel detail - county only offers a generic claim form. Had to use the auction RESULTS table instead (different pattern than any other county so far) and estimate excess as sold-price-minus-minimum-bid.,"High for sale data (real APN, real former owner, real min bid, real sale price - all from the county's own table). Excess amount is an ESTIMATE, not a county-confirmed figure.",$0,Not built,"YES (via auction results table, not a dedicated notice) - 18 real leads, ~$1.97M estimated total, real names, deadline ~Nov 2026 (HIGH URGENCY)",None encountered,Unknown (untested),Unknown,"YES (novel pattern) - the county's own public auction RESULTS page has a real embedded per-parcel table, not a separate PDF notice",2026-08-08,"Yes - real Nov 2025 auction results table (57 parcels, embedded directly on the county's own page)",Unknown - not tested tonight,Unknown - not tested tonight,Unknown - not tested tonight,"Yes - Bid4Assets confirmed, Nov 7-10 2025 (occurred), no 2026 date listed yet","Yes - real per-parcel outcome (Redeemed/Withdrawn/Sold-$X/No Bid) directly from the county's own results table - a novel, high-value pattern","HTML (embedded table, not a separate PDF - novel pattern vs. every other county tonight)","High - real APN, real former owner, real min bid, real sale price, all from one county-published table","Low - no CAPTCHA, no bot protection encountered","18 real leads (of 57 total), ~$1.97M estimated total excess (estimate, not county-confirmed) - the single largest dollar find of the night. Real, wealthy real estate market.",Yellow - excess-proceeds chain proven via a novel source pattern; pre-auction chain (assessor/recorder) completely untested,Test MPTS-style assessor/recorder endpoints live to build the pre-auction side; also check for a 2026 auction date
Stanislaus,,,,,,,,,,,,,,,,,,2026-08-08 (discovery pass batch 4 - real live checks + web search),Unknown - not tested,"CONFIRMED LIVE 2026-08-08 (direct httpx test, base path only, no APN needed): real MPTS system at common1.mptsweb.com/mbap/stanislaus/asr/ - replaces prior unverified yaml guess",Unknown - not tested,Guessed Tyler DNS patterns all failed - Unknown,"CONFIRMED REAL - Bid4Assets, May 18-20 2026",Unknown - not tested,HTML (MPTS) - CONFIRMED,"Real dedicated excess-proceeds page exists, but only linked list is from May 2024 - STALE, likely past the 1-year claim deadline already",Unknown - not tested,Unknown - not tested,"Yellow (real infra, stale data)","Not yet tested this session. Next: confirm assessor endpoint live with a real APN, search for an official auction/excess-proceeds document before building anything."
Sutter,,,,,,,,,,,,,,,,,,2026-08-08 (discovery pass batch 4 - real live checks + web search),Unknown - not tested,"CONFIRMED NOT on MPTS 2026-08-08 (direct httpx test, both common1/common2 hosts, base path) - prior yaml guess of 'mpts' backend for this county is WRONG if it said so, or county genuinely uses a different system",Unknown - not tested,Guessed Tyler DNS patterns all failed - Unknown,"CONFIRMED REAL, FORWARD-LOOKING - Bid4Assets, Nov 13-16 2026 (upcoming, has NOT happened yet - real future lead)",Unknown - not tested,HTML (MPTS),"'Prior Tax Sale/Excess Proceed Archives' page exists, current list not confirmed",Unknown - not tested,Unknown - not tested,Yellow - worth prioritizing given the real forward-looking date,"Not yet tested this session. Next: confirm assessor endpoint live with a real APN, search for an official auction/excess-proceeds document before building anything."
Tehama,"MPTS (apps.mptsweb.com/TaxBillv2) - free, live, no CAPTCHA. TAX_YEAR=2026 confirmed correct.",Same MPTS system as assessor (combined),Tyler EagleWeb - disclaimer page gated by REAL Google reCAPTCHA v2. No free bypass found (confirmed: stealth browser can't get the accept button to enable even after clicking the checkbox).,"tehama_AUTHORITATIVE_master_index.csv - full 40,059-parcel county roll",Not confirmed (no scheduled auction currently),None scheduled - county says 'tentatively planning first half of 2027',"Full 40,059-parcel roll, being processed in 15% chunks (45% done as of 2026-08-08)",Working - tehama_tax_bill.py (default detection + assessed value). No working recorder connector.,Owner name only available for 24 parcels matching a small local list (pre_auction_intel.csv); recorder reCAPTCHA blocks the rest entirely - real owner data for most of this county's ~500+ genuinely-defaulted parcels does not exist yet,Financial/default data: high (live-verified). Owner verification: low (recorder blocked for most parcels).,$0 for assessor. Recorder needs a paid CAPTCHA-solving service or manual human solve.,Not built,Not built (no auction has occurred),Google reCAPTCHA v2 on recorder; none on assessor/tax bill,Unknown/untested - blocked before reaching the actual search form,None known (just the reCAPTCHA wall),Not found yet,2026-08-08,"Yes - tehama_AUTHORITATIVE_master_index.csv, full 40,059-parcel roll","Yes - MPTS, live, free, no CAPTCHA","Yes - same MPTS system, real default-case-number regex proven (fixed a false-positive bug tonight)","BLOCKED - Tyler EagleWeb disclaimer gated by real Google reCAPTCHA v2, no free bypass found (confirmed via direct checkbox click test)",None scheduled - county says 'tentatively planning first half of 2027',Yes for default status (live-verified); owner-transfer detection not possible (recorder blocked),HTML (MPTS),High for financial/default data (~791 dossiers before recorder-verification standard was tightened); zero for owner identity beyond 24 locally-matched parcels,Low for assessor; recorder is a hard wall (needs paid CAPTCHA service or manual solve),"~500+ genuinely-in-default parcels found across 45% of the roll so far, but owner-unverified for nearly all - low buyer-fit until recorder wall solved","Yellow - financial chain proven, owner-identity chain broken (recorder wall)",Recorder reCAPTCHA - needs a paid CAPTCHA-solving service or the user manually solving it once to test cookie reuse
Trinity,,,,,,,,,,,,,,,,,,2026-08-08 (discovery pass batch 4 - real live checks + web search),Unknown - not tested,"CONFIRMED NOT on MPTS 2026-08-08 (direct httpx test, both common1/common2 hosts, base path) - prior yaml guess of 'mpts' backend for this county is WRONG if it said so, or county genuinely uses a different system",Unknown - not tested,Guessed Tyler DNS patterns all failed - Unknown,"Bid4Assets referenced generically, no specific date confirmed",Unknown - not tested,HTML (MPTS),Unknown - not tested,Unknown - not tested,Unknown - not tested,Unknown,"Not yet tested this session. Next: confirm assessor endpoint live with a real APN, search for an official auction/excess-proceeds document before building anything."
Tulare,Unknown - not tested tonight,Unknown - not tested tonight,Unknown - not tested tonight,Unknown,GovEase (confirmed via tularecounty.ca.gov: 'Place: www.GovEase.com'),"March 3, 2026 auction (occurred); re-offer May 19, 2026",Unknown,Only excess-proceeds enrichment built (tulare_excess_enrich.py),"None encountered - no CAPTCHA, no Cloudflare wall on the documents used","High - real assessee names AND real dollar amounts together in the same document, best-quality excess-proceeds source found this session",$0,Not built,"YES - real names AND real amounts, $90,703.37 total across 9 parcels",None encountered,Unknown (untested),Unknown,"YES - official 'March 3, 2026 Tax Auction Excess Proceeds Report' (tc-web.widen.net, a Widen DAM CDN linked from the county's own site)",2026-08-07 (excess proceeds only),Unknown - not tested tonight,Unknown - not tested tonight,Unknown - not tested tonight,Unknown - not tested tonight,"Yes - GovEase confirmed (county's own page: 'Place: www.GovEase.com'), March 3 2026 auction (occurred), re-offer May 19 2026",Not applicable yet,PDF/Widen DAM CDN document (tc-web.widen.net) - real official excess-proceeds report,"Very high - real assessee names AND real dollar amounts together in one official document, best-quality source found all night","Low - no CAPTCHA, no Cloudflare wall on the documents used","9 real leads, $90,703.37 total, names + amounts both real - small but very high quality",Yellow - excess-proceeds chain fully proven and excellent; pre-auction chain completely untested,Test assessor/recorder endpoints live (untouched so far) to build out the pre-auction side
Tuolumne,,,,,,,,,,,,,,,,,,2026-08-08 (discovery pass batch 4 - real live checks + web search),Unknown - not tested,"CONFIRMED LIVE 2026-08-08 (direct httpx test, base path only, no APN needed): real MPTS system at common1.mptsweb.com/mbap/tuolumne/asr/ - replaces prior unverified yaml guess",Unknown - not tested,Guessed Tyler DNS patterns all failed - Unknown,"CONFIRMED REAL - Bid4Assets, May 14 2026 + June 18 2026 re-offer",Unknown - not tested,HTML (MPTS) - CONFIRMED,Unknown - not tested,Unknown - not tested,Unknown - not tested,Yellow,"Not yet tested this session. Next: confirm assessor endpoint live with a real APN, search for an official auction/excess-proceeds document before building anything."
Ventura,,,,,,,,,,,,,,,,,,2026-08-08 (discovery pass batch 4 - real live checks + web search),Unknown - not tested,"CONFIRMED NOT on MPTS 2026-08-08 (direct httpx test, both common1/common2 hosts, base path) - prior yaml guess of 'mpts' backend for this county is WRONG if it said so, or county genuinely uses a different system",Unknown - not tested,Guessed Tyler DNS patterns all failed - Unknown,"CONFIRMED REAL - Bid4Assets, May 12 2026",Unknown - not tested,GIS/API (ArcGIS),No county-specific excess-proceeds document found (generic CA law info only),Unknown - not tested,Unknown - not tested,Yellow,"Not yet tested this session. Next: confirm assessor endpoint live with a real APN, search for an official auction/excess-proceeds document before building anything."
Yolo,,,,,,,,,,,,,,,,,,2026-08-08 (discovery pass batch 4 - real live checks + web search),Unknown - not tested,"CONFIRMED LIVE 2026-08-08 (direct httpx test, base path only, no APN needed): real MPTS system at common1.mptsweb.com/mbap/yolo/asr/ - replaces prior unverified yaml guess",Unknown - not tested,Guessed Tyler DNS patterns all failed - Unknown,MIXED SIGNAL - May 2023 auction was CANCELLED per Bid4Assets listing title; a 2026 listing ('YoloMay26') also exists,Unknown - not tested,HTML (MPTS) - CONFIRMED,Unknown - not tested,Unknown - not tested,Unknown - not tested,"Unknown - auction cadence unstable, check current status before investing build time","Not yet tested this session. Next: confirm assessor endpoint live with a real APN, search for an official auction/excess-proceeds document before building anything."
Yuba,,,,,,,,,,,,,,,,,,2026-08-08 (discovery pass batch 4 - real live checks + web search),Unknown - not tested,"CONFIRMED LIVE 2026-08-08 (direct httpx test, base path only, no APN needed): real MPTS system at common1.mptsweb.com/mbap/yuba/asr/ - replaces prior unverified yaml guess",Unknown - not tested,Guessed Tyler DNS patterns all failed - Unknown,"MIXED SIGNAL - Bid4Assets, historical Feb 2024 listing + a POSTPONED re-offer listing (instability signal)",Unknown - not tested,HTML (MPTS) - CONFIRMED,Unknown - not tested,Unknown - not tested,Unknown - not tested,Unknown - auction cadence unstable,"Not yet tested this session. Next: confirm assessor endpoint live with a real APN, search for an official auction/excess-proceeds document before building anything."
