county,pipeline_stage,signal_id,expected_behavior,observed_behavior,impact,severity,current_handling,evidence_reference,next_action,status,timestamp
Alameda,auction_platform_fetch,bid4assets_storefront_fetch,"WebFetch returns storefront page content (parcel list, dates)",HTTP 403 Forbidden on https://www.bid4assets.com/storefront/AlamedaMar26,"Cannot extract parcel-level auction data via plain fetch. Bid4Assets is used by many CA counties - likely affects all of them, not just Alameda.",high,Marked unavailable/needs_review. NOT forced through - no data fabricated or guessed in its place.,"WebFetch call to bid4assets.com/storefront/AlamedaMar26, 2026-08-08","Retry with stealth browser (Playwright + playwright-stealth), same pattern that worked on Shasta's Cloudflare wall tonight",open,2026-08-08
Merced,auction_platform_identification,platform_consistency_check,Single confirmed current auction platform for the county,"County's own page (countyofmerced.com/2515) states GovEase; web search also surfaces historical Bid4Assets listings (2022, 'MercedFeb22'). Not reconciled.",Cannot confirm which platform to check for a current/upcoming auction list without a direct check.,medium,"Flagged inconsistent in tracker, not resolved. County deprioritized pending revisit - not treated as 'no auction exists.'",countyofmerced.com/2515/Defaulted-Tax-Information vs web search results for bid4assets.com/merced,Direct browser check of countyofmerced.com auction page + Bid4Assets search for 'Merced' to see which is current,open,2026-08-08
Merced,excess_proceeds_lookup,current_year_document_check,Current 2026 excess-proceeds list or notice,County's 'Excess Proceeds Results' page's most recent entry is May 2023 - nothing published since,Cannot generate current excess-proceeds leads for Merced from a public document right now,medium,"Marked unavailable (not negative evidence of no activity - may just be unpublished/behind on updates). County deprioritized, will revisit.","countyofmerced.com/3964/Excess-Proceeds-Results, checked 2026-08-08","Revisit later, or call county Tax Collector directly (209-385-7592) to ask if a 2024/2025/2026 sale occurred",open,2026-08-08
Amador,excess_proceeds_lookup,county_specific_notice_search,"Amador-specific excess-proceeds notice or procedure page, ideally with parcel-level detail","Single web search returned only generic CA Revenue & Taxation Code info, no Amador-specific document found yet. Real 2026 tax sale confirmed via Bid4Assets (settlement deadline March 16, 2026) but not yet cross-checked against amadorgov.org directly.",Cannot yet confirm a real per-parcel excess-proceeds data source for Amador,low,"needs_review - only one search pass done, not yet a real dead end","Web search 'Amador County tax defaulted property auction 2026 excess proceeds', 2026-08-08",Direct-check amadorgov.org/government/treasurer-tax-collector/tax-sale-information,open,2026-08-08
Los Angeles,assessor_source_discovery,mpts_vs_socrata_backend,Prior yaml scaffolding claimed LA's assessor backend is 'socrata' (data.lacounty.gov),"Direct httpx test confirms a real, live MPTS system at common1.mptsweb.com/mbap/la/asr/ (HTTP 200, title 'Search | La County - MBAP') - the yaml scaffolding either missed this or it's a newer/parallel system","LA is the largest CA county by far - this is a significant, previously-unknown real data source",medium,Recorded as CONFIRMED in the tracker. Both sources (socrata API and MPTS) may be real and worth using - not yet determined which has better/more current data.,"Direct httpx GET to common1.mptsweb.com/mbap/la/asr/, 2026-08-08","Test both sources with a real known LA APN, compare data completeness/freshness before picking one",open,2026-08-08
Colusa,document_extraction,colusa_parties_of_interest_pdf,Expected readable PDF text,FlateDecode-compressed binary - WebFetch couldn't decode,Cannot confirm real names/amounts without proper PDF extraction tooling,medium,"Marked unparsed, not negative evidence","WebFetch of countyofcolusaca.gov/DocumentCenter/View/19919, 2026-08-08",Re-fetch with pypdf or similar proper decoder,open,2026-08-08
"Alameda,Alpine,Amador,Calaveras,Colusa,Contra Costa,El Dorado,Imperial,Inyo",recorder_platform_check,tyler_eagleweb_dns_pattern,Expected a Tyler recorder at {slug}countyca-web.tylerhost.net,DNS resolution failure (NXDOMAIN) for all 9,Cannot confirm ABSENCE of Tyler recorder - only this exact naming pattern was ruled out,low-medium,"Marked unknown, not negative","DNS/httpx errors, 2026-08-08",Try alternate naming patterns or direct web search per county,open,2026-08-08
Inyo,auction_schedule_check,current_auction_existence,Expected a scheduled or recent auction,County explicitly states no auction currently scheduled,No near-term inventory for this county,low,"Marked inactive, not negative","Web search result citing inyocounty.us, 2026-08-08",Revisit periodically,open,2026-08-08
Santa Cruz,excess_proceeds_lookup,document_authenticity_check,Expected a real county-specific excess-proceeds notice,"PDF filename contains 'SCO Figure 9.8' pattern matching State Controller's Office reference-manual exhibits, not a county-issued notice",Risk of treating a blank template as real data if not caught,medium,"Flagged, NOT treated as real. PDF also unextractable via WebFetch (binary/corrupted).","santacruzcountyca.gov PDF URL, checked 2026-08-08",Re-fetch with pypdf to confirm one way or the other,open,2026-08-08
Stanislaus,excess_proceeds_lookup,current_year_document_check,Expected a current excess-proceeds list,Only linked document is from May 2024 (2+ years stale),"Likely past claim deadline, low urgency/value",low,"Marked stale, not excluded from county entirely","stancounty.com/tr-tax/auction/excess-proceeds.shtm, 2026-08-08",Check for a newer list directly with the county,open,2026-08-08
"Yolo,Yuba",auction_platform_identification,auction_stability_check,Expected auctions to proceed as scheduled,Yolo's 2023 auction was cancelled; Yuba has a postponed re-offer listing,These counties may have unreliable/inconsistent auction cadence - worth deprioritizing relative to more stable counties,low,"Flagged, not excluded","Bid4Assets listing titles, 2026-08-08",Check current 2026 status directly before investing build time,open,2026-08-08
Los Angeles,auction_platform_identification,govease_vs_bid4assets,Expected a single confirmed auction platform,Old Bid4Assets storefront listings coexist with a confirmed real GovEase auction (April 18-21 2026),Platform may have switched - not reconciled which is current,medium,"GovEase treated as current per most recent evidence, Bid4Assets not excluded","Web search + county pages, 2026-08-08",Direct-check both platforms for a live 2026 LA listing,open,2026-08-08
Modoc,evidence_provenance,document_date_ambiguity,Expected filename date to match document content date,PDF filename says '2025' but content covers the May 2026 sale,Filename-based dating is unreliable for this county,low,"Flagged, content trusted over filename","cms5.revize.com/revize/modoc/ PDF, 2026-08-08","Always open and check content date, don't trust filename for Modoc",open,2026-08-08
Nevada,evidence_provenance,current_year_document_not_located,Expected to locate the 2025 sale's excess-proceeds publication,Confirmed the pattern exists (2018 version located) but the current 2025/2026 URL wasn't found this pass,"Real, high-value lead (open claim window through Dec 2026) not yet fully extracted",low,"Marked found-but-incomplete, not negative","Web search + county DocumentCenter pattern, 2026-08-08",Search the county's DocumentCenter directly for the 2025-dated version,open,2026-08-08
Marin,auction_platform_identification,unknown_platform,Expected a recognized platform (Bid4Assets/GovEase/Realauction),"Uses 'Public Surplus,' a platform not encountered anywhere else tonight",Unknown how to approach this platform without further research,low,"Marked unknown, not assumed to work like the others","Web search, 2026-08-08",Research what Public Surplus actually is before building anything,open,2026-08-08
"Marin,Mendocino,Merced,Mono,Napa,Orange",excess_proceeds_lookup,stale_or_missing_current_doc,Expected a current 2025/2026 parcel-level excess-proceeds document,No current document found via a single search pass for any of these 6,May exist but wasn't surfaced - not confirmed absent,medium,"Marked unknown/stale, not treated as 'no activity'","Web search pass, 2026-08-08",Deeper per-county search or direct county contact if these become priorities,open,2026-08-08
San Joaquin,excess_proceeds_lookup,pdf_text_extraction,Extract table of previous owner/situs/redemption/purchase price/excess proceeds from the real PDF,PDF downloaded successfully (450KB) but not text-extracted in the discovery-pass fork (no pypdf available there),"Cannot yet confirm specific real names/amounts, but the source itself is confirmed real and high-value",medium,"Marked needs_review, not forced through, no data fabricated","sjgov.org excess-proceeds-march-2026.pdf, fetched 2026-08-08",Re-fetch with pypdf (same tool used on Fresno/Humboldt/Tulare tonight) - coordinator has this available,open,2026-08-08
"Placer,Plumas,Riverside,Sacramento,San Benito,San Bernardino,San Diego,San Francisco,San Joaquin,San Luis Obispo,San Mateo,Santa Barbara",recorder_platform_check,tyler_pattern_probe,Tyler EagleWeb host resolves at a plausible {county}countyca-web.tylerhost.net pattern,All 12 either failed DNS or 404'd,"Recorder availability genuinely unknown for all 12, not negative evidence",low,"Marked unknown, not treated as 'no recorder exists' - the guessed pattern only worked for Humboldt/Fresno by coincidence","curl checks, 2026-08-08",Needs proper per-county search for the real recorder URL,open,2026-08-08
"San Bernardino,San Diego,San Francisco,San Mateo",auction_platform_identification,third_platform_family_found,Expected Bid4Assets or GovEase (the two known platforms),"Found a third real platform family: MyTaxSale.com (county-specific subdomains), concentrated in Southern CA / Bay Area","New platform family needs its own access pattern research - untested for bot protection, CAPTCHA, etc.",medium,"Noted as its own category in the tracker, not lumped into 'other'","Web search + direct site checks, 2026-08-08","Test MyTaxSale.com's access pattern (bot protection, data format) before building any connector",open,2026-08-08
Madera,excess_proceeds_lookup,sale_cycle_conflation,Expected the 'Aug 27 2026 deadline' finding to belong to a current/2026 sale as initially summarized,"Verified directly: the Aug 27 2026 deadline belongs to the August 2025 Re-Offer sale (deed recorded 2025-08-27); the actual '2026' sale (May 2026) has a separate, later deadline of 2027-06-08. Two distinct official PDFs confirm this.",Would have misreported urgency/timing if the initial (unverified) framing had been trusted and published without checking primary sources,"medium (caught before publication, no bad data shipped)","RESOLVED - both PDFs downloaded, hashed, and correctly attributed to their real sale cycles before extraction","madera_2026_finalized_excess_proceeds.pdf (sha256=56cea126...) and madera_2025_august_reoffer_excess_proceeds.pdf (sha256=7d17a723...), both 2026-08-08",None - resolved,resolved,2026-08-08
Nevada,excess_proceeds_lookup,deadline_date_contradiction,"Expected the claim deadline reported in the discovery pass ('claim window open through Dec 19, 2026') to be accurate and current","Verified directly against the real source PDF (nevadacountyca.gov/DocumentCenter/View/55593, sha256=032081b8da29e9e9...): the document's ACTUAL stated deadline is 'Claims must be filed by November 27, 2025. Any claims after that date cannot be considered.' The 'Dec 19, 2026' figure does not appear anywhere in the document as a deadline - the closest match is 'Executed at Nevada City...on December 19, 2024' (the document's SIGNING/EXECUTION date, not a claim deadline). The original discovery pass appears to have misread this execution date as a future deadline.","The Nov 2024 sale's real claim deadline (Nov 27, 2025) has ALREADY PASSED as of 2026-08-08 (over 8 months expired). Treating this as active would have generated non-claimable leads.",high,"RESOLVED - confirmed via direct primary-source PDF verification. Nevada's Nov 2024 sale is EXPIRED, not active. No records extracted or published. Not treated as claimable inventory.","nevada/nevada_nov2024_excess_proceeds.pdf (sha256=032081b8da29e9e97da2bc49c769ba1f8dc658271343516addb6ac241bea7e59), downloaded and verified 2026-08-08","If Nevada is revisited, check for a MORE RECENT sale (a 'NOTICE OF PUBLIC AUCTION ON NOVEMBER 13, 2025' was found separately at nevadacountyca.gov/ArchiveCenter/ViewFile/Item/1567 - this is a pre-sale notice, not a finalized excess-proceeds results document; if that Nov 2025 auction had excess proceeds, its real deadline would be ~Nov 2026 and would need its own primary-source verification, not assumed from this one)",resolved,2026-08-08
Nevada,excess_proceeds_lookup,newer_sale_cycle_check,Per instruction: check whether a newer Nevada sale cycle has an official excess-proceeds list before marking Nevada as no_data,"FOUND: a real, separate, later document exists (nevadacountyca.gov/DocumentCenter/View/69929, sha256=4e8e4bd5745f52af...) covering the Nov 13 2025 sale + Jan 28 2026 Re-Offer, executed 2026-03-02. Stated deadline: 'Claims must be filed by December 19, 2026.' 14 real parcels with real named parties of interest extracted and published as ACTIVE_CANDIDATE.","Resolves the original contradiction completely: the 'Dec 2026' figure was real all along, just mislabeled under the wrong (expired Nov 2024) sale cycle in the initial discovery-pass summary. Nevada now has real active inventory (14 leads), not zero.",high (now resolved),"RESOLVED - upgraded from 'monitor_for_next_cycle' to active inventory. County-of-Nevada:contradiction_type=stale-cycle-mislabeling (not stale data itself - the underlying document was current, the attribution was wrong). 14 records published as ACTIVE_CANDIDATE via the lead_status state machine, 0 from the expired cycle.","nevada_nov2025_excess_proceeds.docx (sha256=4e8e4bd5745f52af4a453cca97398424f831056f484323fd61e2c20dfe5d6189), cross-referenced against nevada_nov2024_excess_proceeds.pdf (sha256=032081b8da29e9e97da2bc49c769ba1f8dc658271343516addb6ac241bea7e59), both verified 2026-08-08","None - fully resolved, both cycles correctly classified",resolved,2026-08-08
glenn,auction/tax-default source discovery,GLENN_AUCTION_SOURCE_BLOCKED,Fetch countyofglenn.net Property Tax Auctions page and Tax Sale FAQ PDF to find current 2026 tax-defaulted parcel list or auction dates.,"Every fetch attempt (direct httpx/curl GET and WebFetch tool) against countyofglenn.net returned a Cloudflare 'Just a moment...' bot-challenge interstitial or HTTP 403, including the FAQ PDF, the bidder packet PDF, and the property-tax-auctions page. archive.countyofglenn.net does not resolve (DNS failure).","Cannot obtain any real, current, county-sourced tax-defaulted or auction parcel list for Glenn. No parcels could be processed into dossiers.",high,Stopped Glenn dossier generation entirely per verified-or-excluded rule. Zero dossiers produced for Glenn.,glenn/raw_evidence/glenn_faq_cloudflare_blocked_response_2026-08-08.html,"Retry with a real full browser session (not available in this sandbox — no passwordless sudo to install chromium's missing shared libs) that can pass the Cloudflare JS challenge, or contact Glenn County Tax Collector directly (TTC@countyofglenn.net / 530-934-6410) for the current parcel list.",BLOCKED,2026-08-08T00:00:00Z
glenn,auction/tax-default source discovery,GLENN_BID4ASSETS_BLOCKED,Fetch bid4assets.com/glenn and bid4assets.com/storefront/GlennMarch18 to check for a current/upcoming Glenn County auction listing.,Both URLs returned HTTP 403 to WebFetch (bot protection).,Secondary candidate auction-platform source also inaccessible.,medium,No parcels sourced from Bid4Assets for Glenn.,"n/a (403 response only, no content returned)",Same as GLENN_AUCTION_SOURCE_BLOCKED — needs a real browser session or manual county contact.,BLOCKED,2026-08-08T00:00:00Z
glenn,auction schedule verification,GLENN_2026_AUCTION_DATE_UNCONFIRMED,"Confirm a specific 2026 Glenn County tax-sale auction date (platform, dates) from an authoritative source.","Web search found GovEase (govease.com/caglenn) as the real platform and 'October 29-31' as a real past sale window, tied to 'Glenn Tax Sale 18' bidder packet whose own text says the parcel list 'will be made available in October 2025' — i.e. this is the 2025 sale, not confirmed to repeat on the same dates in 2026. No independent 2026 date/sale-number was found.",Cannot state a real 2026 Glenn auction date. Matrix Auction Schedule column left as 'no 2026 date found' rather than assuming annual recurrence.,medium,Marked UNKNOWN in matrix update rather than assumed/guessed.,WebSearch results 2026-08-08 (see agent_reports/county_processor_a_report.md),"Re-check countyofglenn.net or GovEase caglenn portal once Cloudflare access is solved, or contact county directly.",NEEDS_REVIEW,2026-08-08T00:00:00Z
del_norte,recorder search-id discovery,DELNORTE_YAML_SEARCH_ID_WRONG_SCOPE,"counties/del_norte.yaml's name_search_id/doc_search_id (both DOCSEARCH201S11) should return real Official Records (deeds/liens) results for real, independently-known-good document numbers and grantor/grantee names.","DOCSEARCH201S11 is scoped to a narrow 'Registration Search' index that returned zero results even for a known-good real document number (2026R1355) and a known-good real grantee name (HUSSEIN ABBAS) and even a maximally broad grantor query (DEL NORTE COUNTY). Probing DOCSEARCH201S1 through S15 directly found DOCSEARCH201S8 (fields field_GrantorID/field_GranteeID/field_DocumentNumberID/field_BookPageID/field_RecordingDateID) is the real Official Records / Advanced Search form, and it correctly returned all 11 real May 2026 tax-deed documents on a recording-date-range query.",Building against counties/del_norte.yaml as-is would silently produce zero real recorder results and could be misread as 'recorder has no matching records' rather than 'wrong search ID'.,medium,"Worked around by using DOCSEARCH201S8 directly in del_norte/del_norte_recorder_tyler.py (not editing the shared yaml, per scope boundaries).",del_norte/raw_evidence/delnorte_recorder_search_page_DOCSEARCH201S11.html vs del_norte/del_norte_recorder_tyler.py live smoke test,"Whoever owns counties/del_norte.yaml should update doc_search_id/name_search_id to DOCSEARCH201S8, or add it as a second field.",RESOLVED,2026-08-08T00:00:00Z
del_norte,pre-auction inventory discovery,DELNORTE_NO_CURRENT_PREAUCTION_LIST,"Find a real, current tax-defaulted/upcoming-auction parcel list for Del Norte to build pre-auction property intelligence dossiers, per assignment brief (which cited a confirmed May 15, 2026 + June 12, 2026 re-offer).","The county's own official Tax Sale page (co.del-norte.ca.us/departments/TaxCollector/TaxSale, fetched live 2026-08-08, not Cloudflare-blocked) states only that a public internet auction was HELD May 15, 2026 (past tense) and links only to (1) that sale's own post-auction Sales Report and (2) a blank Excess Proceeds claim form. No June 12, 2026 re-offer date, and no future/upcoming 2026 auction, appears anywhere on the page. Bid4Assets, which independently lists Del Norte storefronts named 'DelNorteMay18' and 'DelNorteJun21' (not 'Jun12'), was inaccessible (403) to confirm further.","Zero real pre-auction property_intelligence_dossier records could be honestly generated for Del Norte as of 2026-08-08 -- the only currently known 2026 sale has already fully concluded. Substituted a real, both-sites-verified EXCESS PROCEEDS product (9 parcels, via report_builder.build_excess_proceeds_report()) instead, sourced from that same official Sales Report PDF and cross-verified against live assessor + recorder data.",medium,"No pre-auction dossiers generated for Del Norte. 9 excess-proceeds reports generated instead as the honest, verifiable alternative for already-sold parcels with real surplus funds.",del_norte/raw_evidence/delnorte_taxsale_page_2026-08-08.html,Monitor co.del-norte.ca.us/departments/TaxCollector/TaxSale for the next posted 2026/2027 auction notice; re-run pre-auction pipeline once one is posted.,RESOLVED,2026-08-08T00:00:00Z
riverside,assessor owner/doc-number resolution,RIVERSIDE_ASSESSORTABLES_DBMS_DOWN,"OpenData/AssessorTables ArcGIS service (description: assessee, general, property characteristics, recorded book, tax year data) should return real assessee/owner and recent-recorded-document-number fields per parcel, matching the shape Kern's assessorapps.kerncounty.com uses to supply the doc-number that feeds the recorder chain.","Every query against this service (both gis.countyofriverside.us/arcgis_public/rest/services/OpenData/AssessorTables/MapServer/0 and the equivalent arcgis_mapping host) returns HTTP 400 'Failure to access the DBMS server' -- a real reproducible backend outage (tested twice ~5s apart, same error both times, both hosts). The service's own root metadata (f=json) also returns empty layers/tables for the same reason. Four other Riverside assessor ArcGIS layers (Parcels id 40, Parcels CREST id 50, CREST General id 70, CREST Tax Year id 100 -- all under gis.countyofriverside.us/arcgis_mapping/rest/services/OpenData/Assessor/MapServer) ARE live and were cross-verified against 3 of 5 real APNs pulled from the actual April 2026 auction parcel list (situs address and land/structure values matched exactly across two independent tables for the same APN) -- but none of these four working layers contain an owner-name field or a per-parcel current-recorded-document-number field.",Cannot obtain owner name or a parcel-specific recorded document number for any Riverside parcel through any live channel found this session. Both-sites verification (assessor + recorder tied to the same parcel) cannot be completed even though both the assessor and recorder backends are independently live and real.,high,"Stopped Riverside dossier generation entirely per verified-or-excluded rule. Zero dossiers produced for Riverside. Real auction parcel list (946 parcels, April 23-28 2026) and Terms of Sale PDF downloaded, hashed, and preserved at riverside/raw/ for reuse once this is resolved.",riverside/raw/riverside_assessor_probe_2026-08-08.json; riverside/raw/SHA256SUMS.txt,"Retry OpenData/AssessorTables in a future session -- this reads like a transient/ongoing outage, not a permanent removal, since the service still advertises the correct description and the sibling Assessor MapServer (different service name, same host) is fully live. If still down, contact Riverside County GIS (gis.rivco.org) directly to ask about the AssessorTables outage or an alternative assessee-data endpoint.",BLOCKED,2026-08-08T00:00:00Z
riverside,recorder parcel-tied verification capability,RIVERSIDE_RECORDER_NO_APN_FIELD,"Recorder self-service search (webselfservice.rivcoacr.org) should offer at least one parcel-tied search mode (APN field, or a document-number field that can be fed a parcel-derived doc# per Kern's proven pattern) to confirm owner/grantee tied to a specific APN, not just a name.","Confirmed real, live, CAPTCHA-free Tyler Self-Service portal with 5 search modes (Name, Document Number, Document Type, Book/Page/Map, Advanced). Document Number Search (format YYYY-NNNNNN) is mechanically identical to Kern's proven doc-number method and would be parcel-tied if fed a parcel-derived doc number -- but no search mode accepts an APN directly, and (per RIVERSIDE_ASSESSORTABLES_DBMS_DOWN) no live assessor channel currently supplies a per-parcel doc number to feed it.","Recorder is technically capable of the same parcel-tied verification method used successfully for Kern (245 dossiers), but cannot be invoked in a parcel-tied way today due to the missing assessor-side link. Name-only search was correctly not used as a substitute per the standing verified-or-excluded / parcel-tied-not-name-only rule.",medium,No recorder calls made against real document numbers this session (none were available). Recorder access itself confirmed real/live/CAPTCHA-free for future use once the assessor-side doc-number gap is resolved.,riverside/raw/riverside_assessor_probe_2026-08-08.json (recorder_probe section),"Once RIVERSIDE_ASSESSORTABLES_DBMS_DOWN is resolved (real doc numbers become available per-parcel), reuse Kern's kern_recorder_by_docnum.py pattern directly against webselfservice.rivcoacr.org/Web/searchPost/DOCSEARCH2111S2.",NEEDS_REVIEW,2026-08-08T00:00:00Z
riverside,assessor endpoint scaffolding correction,RIVERSIDE_YAML_ENDPOINT_WRONG,"counties/riverside.yaml assessor.endpoint (gis.countyofriverside.us/arcgis/rest/services/Parcels/FeatureServer/0) and recorder.endpoint (recorder.riverside.ca.gov) should be real, live, correct endpoints.","Neither URL in the yaml was usable this session -- both were unverified guesses per the yaml's own notes ('no public assessor source discovered yet' / 'no Tyler portal discovered'). The real live endpoints found by direct search plus live testing are entirely different: assessor = gis.countyofriverside.us/arcgis_mapping/rest/services/OpenData/Assessor/MapServer (layers 40/50/70/100), recorder = webselfservice.rivcoacr.org/Web/ (Tyler Self-Service). Also auction.backend in the yaml says govease -- the real, confirmed platform is Bid4Assets (storefront/RiversideCountyApr26), not GovEase.","Building against counties/riverside.yaml as-is would hit dead/wrong endpoints for assessor, recorder, and auction platform all three.",medium,Did not modify the shared yaml per scope boundaries -- documenting here for whoever owns it.,riverside/raw/riverside_assessor_probe_2026-08-08.json,Update counties/riverside.yaml assessor.endpoint/recorder.endpoint/auction.backend to the real values found this session.,NEEDS_REVIEW,2026-08-08T00:00:00Z
san_diego,assessor owner-lookup legal restriction,SANDIEGO_OWNER_LOOKUP_GOV_CODE_6254_21,"Real, live secured-assessment-roll search (sdarcc.gov, backed by /bin/cosd/parcel-request API) should return owner/assessee name alongside value data, matching the Kern/Butte reference pattern.","Confirmed live, real API (https://www.sdarcc.gov/bin/cosd/parcel-request?parcelNumber={apn}, HTTP 200, correctly returns an empty array for a non-existent test parcel). The page's own text explicitly states: property ownership information cannot be provided on the internet in accordance with California Government Code section 6254.21 -- the identical statute already documented as Fresno's permanent, technical-fix-proof owner-lookup blocker (CA law removed public lookup Jan 2025). Confirmed no Owner/Assessee field exists anywhere in the site's parcelSearch client JS (only Situs_*, Land_Value, Improvements_Value, Fixtures_value, Personal_property_value, Total_assessed_value, Net_taxable_value, FacBase* fields).","Owner name is not obtainable from San Diego's assessor by any method -- this is a legal restriction, not a technical gap, and will not be fixed by a better connector.",high,"Stopped San Diego dossier generation. Yaml scaffold URL (data.sandiegocounty.gov/resource/parcels.json) confirmed as a dead guess (HTTP 404, wrong vendor entirely -- county's Socrata portal is real/live but has no parcel dataset in its 610-dataset catalog).",san_diego/raw/san_diego_probe_2026-08-08.json; san_diego/raw/sd_secured_assessment_roll_search_page.html,"None -- same category as Fresno's confirmed-permanent restriction. If recorder access is ever unblocked, owner identity would have to come entirely from the recorder side, not the assessor.",BLOCKED,2026-08-08T00:00:00Z
san_diego,recorder access,SANDIEGO_ARCC_ACCLAIM_AKAMAI_BLOCKED,"arcc-acclaim.sdcounty.ca.gov (San Diego's real Official Records / ARCC Acclaim recorder search system) should be reachable to test its search modes (name, document number, book/page) for parcel-tied capability.","HTTP 403 Access Denied from AkamaiGHost edge (server-level deny with a reference number), confirmed via direct curl with a standard browser User-Agent, reproducible on retry. Per explicit coordinator instruction this session, no bypass (stealth browser, header spoofing beyond a standard UA, proxying) was attempted.","Cannot determine San Diego's recorder search-mode capability (name-only vs document-number vs APN-tied) this session -- genuinely unknown/blocked at the edge, not merely untested.",high,Stopped San Diego dossier generation (also independently blocked by SANDIEGO_OWNER_LOOKUP_GOV_CODE_6254_21 and SANDIEGO_NO_ACTIVE_AUCTION_CYCLE).,san_diego/raw/sd_arcc_acclaim_403_response.html,"Retry with a properly licensed/whitelisted access path if the business ever pursues San Diego, or contact ARCC directly about programmatic access. Do not attempt automated CAPTCHA/edge-block bypass per standing instruction.",BLOCKED,2026-08-08T00:00:00Z
san_diego,auction schedule / active-cycle verification,SANDIEGO_NO_ACTIVE_AUCTION_CYCLE,"A currently open or upcoming tax-defaulted parcel list should be available to source pre-auction dossier candidates from, matching the matrix's confirmed-real, very-large March 2026 686-property auction note.","The March 13-18, 2026 auction (686 properties, $18.2M) referenced in the matrix is CONFIRMED CLOSED as of this probe (2026-08-08, auction ended approximately 5 months ago). Web search of the sdttc.mytaxsale.com platform's own messaging confirms: next auction to be announced in 2027 -- no live/current parcel list exists right now. sdttc.mytaxsale.com/auctions and /reports/total_sales pages are real and live but render their tables via JS/auth after a client-side call this session's curl-only tooling could not execute; no APNs were recoverable from static HTML.",No live pre-auction signal currently exists for San Diego regardless of assessor/recorder capability -- even a fully working verification chain would have no active parcels to process against right now.,high,Stopped San Diego dossier generation -- this alone would have been sufficient reason independent of the two blockers above.,san_diego/raw/sd_2026_auction_686properties_press_release.html; san_diego/raw/sd_property_tax_sales_page.html,"Re-check sdttc.mytaxsale.com in early 2027 (or whenever the county's next-auction notice posts) for a new active parcel list, and re-run the assessor/recorder probes then.",BLOCKED,2026-08-08T00:00:00Z
kings,recorder_verification,KINGS_RECORDER_NO_OFFICIAL_RECORDS_SEARCH,"Tyler EagleWeb self-service portal (kingscountyca-web.tylerhost.net) exposes a document-number/APN/grantor-grantee ""Official Records"" search for real property recorded documents, matching the pattern already confirmed working for Kern/Butte/Lake.","Disclaimer accept succeeds with NO CAPTCHA (GET+POST both return HTTP 200; disclaimerAccepted session cookie is set cleanly -- this is NOT a Fresno/Tehama-style reCAPTCHA wall). However the portal's home menu (POST /web/homeActions) and every action group tested (ACTIONGROUP201S1/S2/S3/S5, ACTIONGROUP483S1, wizard/COPYREQUEST400S1, fraudGuard/disclaimerPage) exposes ONLY Clerk-office record types: Vital Records Certified Copies, Marriage License Application, Fictitious Business Names Application, Professional Registrations, Clerk Records Search (CEQA filings / FBN / Notary / Registration sub-searches, DOCSEARCH201S1/S6/S9/S11), Military Discharge (DD-214) copies, and Owner/Fraud Alert. No ""Official Records Search"" / real-property deed search action group exists anywhere in this instance's menu tree. Corroborated by web search: Kings County's own published guidance states that per CA Assembly Bill 1785 the office no longer provides online access to recorded document indexes or APN-linked searches -- document copies are in-person at the Government Center or by mail/public-records request only. The county's legacy self-hosted portal (http://publicrecords.countyofkings.com/) is unreachable (connection timeout, no response).","Cannot perform parcel-tied recorder verification (grantor/grantee/deed confirmation) for any Kings County parcel through any online channel. Under the pipeline's verified-or-excluded standard, no both-sites-verified dossier can be produced for Kings at this time via automated or even manual-browser online means.",high,Kings dossier generation stopped for this session before any parcel processing began. Zero dossiers produced for Kings. Assessor (MPTS) confirmed live and usable for value/situs data only -- but assessor-only data can never satisfy the both-sites standard on its own.,"kings/kings_recorder_disclaimer_get.html, kings/kings_recorder_disclaimer_post.html, kings/kings_home_actions.html, kings/kings_ACTIONGROUP201S1.html, kings/kings_ACTIONGROUP201S2.html, kings/kings_ACTIONGROUP201S3.html, kings/kings_ACTIONGROUP201S5.html, kings/kings_ACTIONGROUP483S1.html, kings/kings_COPYREQUEST400S1.html, kings/kings_fraudGuard.html, kings/kings_mpts_apn_024270019000.html (assessor confirmed live, real APN 024-270-019-000, doc 2019R1810322)","Re-check periodically in case Kings re-enables online Official Records search, or pursue a paid third-party title/records subscription as an alternative parcel-tied recorder source if the business wants Kings covered. Do not attempt any in-person or mail request as part of this automated pipeline.",blocked,2026-08-08T00:00:00
lake,recorder_verification,LAKE_APN_032042330000_DOC_DISCREPANCY,"A parcel classified STILL_DEFAULTED_NO_RELEASE_FOUND via the recorder's Tax Default Property Lien lifecycle check should show an assessor 'Current Document Number' that is either the pre-default vesting deed (old, unchanged) or a document also findable in the recorder's own Official Records index for that parcel.","APN 032-042-330-000 recorder-checked as STILL_DEFAULTED_NO_RELEASE_FOUND (only doc found in the 2024-01-01 to 2026-08-08 window: Tax Default Property Lien #2025008076, 08/14/2025, grantor LOBAUGH KIMBERLY ANN / DUCKFIELD RICHARD / GROVER JANINE A). However the live MPTS assessor record for this same APN shows 'Current Document Number' 2026R0005866 dated 6/9/2026 -- a brand-new document that does NOT appear anywhere in the recorder's Official Records parcel-ID search for this APN even on a widened 2020-2026 date range (only the single 2025 lien document is returned).",Cannot resolve whether this parcel actually transferred/sold around the same June 2026 wave as many neighboring TDLS164 parcels (assessor evidence suggests yes) or is still genuinely tax-defaulted (recorder evidence suggests yes) -- the two live sources disagree and neither confirms the other.,medium,Excluded from the 17 candidates that were otherwise both-sites-verified as still-defaulted; NOT included in the 16 dossiers generated for Lake. No dossier shipped for this APN.,"lake/lake_mpts_batch1.csv (row 032-042-330-000, doc 2026R0005866 6/9/2026), lake/lake_lien_classification_0_80.json (APN 032-042-330-000 entry), lake/lake_still_defaulted_full.csv",Needs a human or a follow-up session to manually pull the actual 2026R0005866 document (e.g. via a direct doc-number recorder search or an in-person index check) to determine what it is before this parcel could ever be marketed.,needs_review,2026-08-08T00:00:00
lake,auction_signal,LAKE_TDLS164_ALREADY_CONCLUDED,"The county-name-assessor-data-access-58.csv note ('TDLS 164, dated March 31 2026, not yet opened') implied an upcoming/current sale to build pre-auction dossiers against.","TDLS164's sale actually ran March 20-31, 2026, which is already in the past as of this session (2026-08-08). Cross-referencing the full 311-parcel non-redeemed list against the live recorder showed 178 of 311 (57%) had already sold (Deed Tax recorded) and 111 of 311 (36%) had been redeemed (Release of Lien recorded) since the list was published -- only 17 of 311 (5%) remained genuinely still tax-defaulted with no release or sale-deed found. No next sale (TDLS165) has been published by Lake County yet.",Using the TDLS164 list at face value without a live per-parcel recorder recheck would have produced dossiers that were wrong (redeemed or already sold) for 93% of parcels on the list -- a direct repeat of the kind of trust failure this pipeline already suffered once.,medium,"Resolved by building a real recorder-based lien-lifecycle classifier (lake/lake_recorder_lien_check.py) and only shipping the 16 (of 17, minus the one discrepancy above) parcels with live, dated recorder evidence of an unreleased, unsold tax lien. signal_priority.get_signal('lake') was left untouched (not modified, not overridden) -- it correctly falls through to the shared NO_SCHEDULED_AUCTION / 'No scheduled auction -- monitor for a future sale date' signal since lake is not in AUCTION_CALENDAR.","lake/lake_TDLS164_parsed.csv (311 parcels), lake/lake_lien_classification_ALL.json (full 311-parcel classification: 178 sold, 111 redeemed, 17 still-defaulted, 5 no activity found), lake/lake_still_defaulted_full.csv","When Lake publishes its next tax sale list (watch lakecountyca.gov/1109/Tax-Collector for a TDLS165 entry), re-run this same recorder-lien-lifecycle methodology against the new list; also worth periodically rechecking the 16 shipped APNs since Lake's cadence shows redemptions/lien releases continuing to post for months after a nominal sale date.",resolved_documented,2026-08-08T00:00:00
