asmt,fee_parcel,address,county,year,tra,roll_cat,verified_score,confidence,v_total_due,v_total_paid,v_total_balance,v_inst1_status,v_inst2_status,v_delinquent,verified_url,verified_at
070-050-072-000,070-050-072-000,760 KERRYJEN CT,shasta,2025,1002,CS,HOT,0.95,"$26,469.92",$0.00,"$26,469.92",LATE,LATE,True,https://common2.mptsweb.com/MBC/shasta/tax/main/070050072000/2025/0000,2026-07-01T16:47:04.479203
990-182-719-000,064-100-031-000,12886 LAKE BLVD,shasta,2025,82011,SS,HOT,0.95,"$21,962.11",$0.00,"$21,962.11",LATE,DUE,True,https://common2.mptsweb.com/MBC/shasta/tax/main/990182719000/2025/0000,2026-07-01T16:31:28.830627
018-600-041-000,018-600-041-000,44725 DEE KNOCH RD,shasta,2025,77004,CS,HOT,0.95,"$16,000.82",$0.00,"$16,000.82",LATE,LATE,True,https://common2.mptsweb.com/MBC/shasta/tax/main/018600041000/2025/0000,2026-07-01T07:09:25.196231
102-150-007-000,102-150-007-000,1988 PARK MARINA DR,shasta,2025,1000,CS,HOT,0.95,"$26,590.58","$13,278.29","$13,312.29",PAID,LATE,True,https://common2.mptsweb.com/MBC/shasta/tax/main/102150007000/2025/0000,2026-07-01T17:47:42.433165
097-150-016-000,097-150-016-000,,shasta,2025,56001,CS,HOT,0.95,"$10,778.98",$0.00,"$10,778.98",LATE,LATE,True,https://common2.mptsweb.com/MBC/shasta/tax/main/097150016000/2025/0000,2026-07-01T17:39:56.163303
055-250-028-000,055-250-028-000,19327 CLOVER RD,shasta,2025,115016,CS,HOT,0.95,"$17,312.65","$8,227.93","$9,084.72",PAID,LATE,True,https://common2.mptsweb.com/MBC/shasta/tax/main/055250028000/2025/0000,2026-07-01T08:10:16.731782
085-050-022-000,085-050-022-000,,shasta,2025,82103,CS,HOT,0.95,"$9,015.84",$0.00,"$9,015.84",LATE,LATE,True,https://common2.mptsweb.com/MBC/shasta/tax/main/085050022000/2025/0000,2026-07-01T17:19:08.180237
114-300-021-000,114-300-021-000,1499 BELTLINE RD,shasta,2025,1029,CS,HOT,0.95,"$16,675.97","$7,924.75","$8,751.22",PAID,LATE,True,https://common2.mptsweb.com/MBC/shasta/tax/main/114300021000/2025/0000,2026-07-01T18:46:47.964337
102-450-028-000,102-450-028-000,853 LOCUST ST,shasta,2025,1249,CS,HOT,0.95,"$8,136.06",$0.00,"$8,136.06",LATE,LATE,True,https://common2.mptsweb.com/MBC/shasta/tax/main/102450028000/2025/0000,2026-07-01T17:49:27.425442
060-250-053-000,060-250-053-000,22973 OLD 44 DR,shasta,2025,103006,CS,HOT,0.95,"$14,732.82","$6,999.44","$7,733.38",PAID,LATE,True,https://common2.mptsweb.com/MBC/shasta/tax/main/060250053000/2025/0000,2026-07-01T16:26:19.935733
060-050-036-000,060-050-036-000,,shasta,2025,103005,CS,HOT,0.95,"$14,027.14","$6,996.57","$7,030.57",PAID,LATE,True,https://common2.mptsweb.com/MBC/shasta/tax/main/060050036000/2025/0000,2026-07-01T16:25:20.627237
107-300-018-000,107-300-018-000,1710 CANBY RD,shasta,2025,1108,CS,HOT,0.95,"$6,836.22",$0.00,"$6,836.22",LATE,LATE,True,https://common2.mptsweb.com/MBC/shasta/tax/main/107300018000/2025/0000,2026-07-01T18:11:07.808655
990-183-373-000,107-050-013-000,2611 HILLTOP DR,shasta,2025,1106,SS,HOT,0.95,"$6,778.60",$0.00,"$6,778.60",LATE,LATE,True,https://common2.mptsweb.com/MBC/shasta/tax/main/990183373000/2025/0000,2026-07-01T18:09:28.109474
102-150-010-000,102-150-010-000,1801 PARK MARINA DR,shasta,2025,1000,CS,HOT,0.95,"$6,743.74",$0.00,"$6,743.74",LATE,LATE,True,https://common2.mptsweb.com/MBC/shasta/tax/main/102150010000/2025/0000,2026-07-01T17:47:58.597247
091-300-009-000,091-300-009-000,22075 DUCK LN,shasta,2025,52009,CS,HOT,0.95,"$6,734.78",$0.00,"$6,734.78",LATE,LATE,True,https://common2.mptsweb.com/MBC/shasta/tax/main/091300009000/2025/0000,2026-07-01T17:30:21.817475
064-150-068-000,064-150-068-000,,shasta,2025,3006,CS,HOT,0.95,"$6,668.78",$0.00,"$6,668.78",LATE,LATE,True,https://common2.mptsweb.com/MBC/shasta/tax/main/064150068000/2025/0000,2026-07-01T16:31:52.002247
077-600-007-000,077-600-007-000,602 CASA BUENA ST,shasta,2025,1110,CS,HOT,0.95,"$6,567.86",$0.00,"$6,567.86",LATE,LATE,True,https://common2.mptsweb.com/MBC/shasta/tax/main/077600007000/2025/0000,2026-07-01T17:12:10.935338
089-300-006-000,089-300-006-000,22001 LOS ALAMOS LN,shasta,2025,144021,CS,HOT,0.95,"$6,323.02",$0.00,"$6,323.02",LATE,LATE,True,https://common2.mptsweb.com/MBC/shasta/tax/main/089300006000/2025/0000,2026-07-01T17:27:31.475216
097-450-001-000,097-450-001-000,10735 BEAVER RD,shasta,2025,103004,CS,HOT,0.95,"$6,297.70",$0.00,"$6,297.70",LATE,LATE,True,https://common2.mptsweb.com/MBC/shasta/tax/main/097450001000/2025/0000,2026-07-01T17:40:32.403499
064-450-009-000,064-450-009-000,2996 CROWN VIEW LN,shasta,2025,1015,CS,HOT,0.95,"$6,144.18",$0.00,"$6,144.18",LATE,LATE,True,https://common2.mptsweb.com/MBC/shasta/tax/main/064450009000/2025/0000,2026-07-01T16:33:53.097723
800-002-225-000,049-500-003-000,6424 WESTSIDE RD,shasta,2025,1256,CU,HOT,0.95,"$6,053.65",$0.00,"$6,053.65",LATE,Delinquent,True,https://common2.mptsweb.com/MBC/shasta/tax/main/800002225000/2025/0000,2026-07-01T07:47:52.481762
068-050-037-000,068-050-037-000,1357 HARTNELL AVE,shasta,2025,1002,CS,HOT,0.95,"$5,904.24",$0.00,"$5,904.24",LATE,LATE,True,https://common2.mptsweb.com/MBC/shasta/tax/main/068050037000/2025/0000,2026-07-01T16:39:30.914765
800-002-482-000,054-650-029-000,7610 AVIANCA DR,shasta,2025,91000,DU,HOT,0.95,"$5,853.24",$0.00,"$5,853.24",LATE,Delinquent,True,https://common2.mptsweb.com/MBC/shasta/tax/main/800002482000/2025/0000,2026-07-01T08:04:43.044947
083-250-004-000,083-250-004-000,20714 LAKESHORE DR,shasta,2025,82103,CS,HOT,0.95,"$5,827.28",$0.00,"$5,827.28",LATE,LATE,True,https://common2.mptsweb.com/MBC/shasta/tax/main/083250004000/2025/0000,2026-07-01T17:16:20.459649
075-200-019-000,075-200-019-000,- LEONA AVE,shasta,2025,3011,CS,HOT,0.95,"$5,807.98",$0.00,"$5,807.98",LATE,LATE,True,https://common2.mptsweb.com/MBC/shasta/tax/main/075200019000/2025/0000,2026-07-01T16:58:12.763211
059-450-004-000,059-450-004-000,9922 MERRYHILL LN,shasta,2025,91002,CS,HOT,0.95,"$5,754.72",$0.00,"$5,754.72",LATE,LATE,True,https://common2.mptsweb.com/MBC/shasta/tax/main/059450004000/2025/0000,2026-07-01T16:24:43.192851
031-200-004-000,031-200-004-000,41405 HAT CREEK LN,shasta,2025,77009,CS,HOT,0.95,"$5,632.00",$0.00,"$5,632.00",LATE,LATE,True,https://common2.mptsweb.com/MBC/shasta/tax/main/031200004000/2025/0000,2026-07-01T07:29:36.798124
103-050-047-000,103-050-047-000,1975 TENTH ST,shasta,2025,1000,CS,HOT,0.95,"$5,609.52",$0.00,"$5,609.52",LATE,LATE,True,https://common2.mptsweb.com/MBC/shasta/tax/main/103050047000/2025/0000,2026-07-01T17:52:36.916002
061-350-004-000,061-350-004-000,22427 BUCKBOARD TRL,shasta,2025,110002,CS,HOT,0.95,"$5,573.80",$0.00,"$5,573.80",LATE,LATE,True,https://common2.mptsweb.com/MBC/shasta/tax/main/061350004000/2025/0000,2026-07-01T16:29:41.687553
094-150-038-000,094-150-038-000,7425 MIDWAY PINES DR,shasta,2025,57000,CS,HOT,0.95,"$5,564.68",$0.00,"$5,564.68",LATE,LATE,True,https://common2.mptsweb.com/MBC/shasta/tax/main/094150038000/2025/0000,2026-07-01T17:33:46.646391
091-350-010-000,091-350-010-000,5309 BALLS FERRY RD,shasta,2025,52009,CS,HOT,0.95,"$5,545.70",$0.00,"$5,545.70",LATE,LATE,True,https://common2.mptsweb.com/MBC/shasta/tax/main/091350010000/2025/0000,2026-07-01T17:30:30.519466
110-350-047-000,110-350-047-000,2306 SUZETTE AVE,shasta,2025,1059,CS,HOT,0.95,"$5,543.40",$0.00,"$5,543.40",LATE,LATE,True,https://common2.mptsweb.com/MBC/shasta/tax/main/110350047000/2025/0000,2026-07-01T18:29:32.107153
073-200-007-000,073-200-007-000,1855 GOLD HILLS DR,shasta,2025,1188,CS,HOT,0.95,"$5,473.68",$0.00,"$5,473.68",LATE,LATE,True,https://common2.mptsweb.com/MBC/shasta/tax/main/073200007000/2025/0000,2026-07-01T16:53:33.835971
103-700-009-000,103-700-009-000,720 PIONEER CT,shasta,2025,1000,CS,HOT,0.95,"$5,444.62",$0.00,"$5,444.62",LATE,LATE,True,https://common2.mptsweb.com/MBC/shasta/tax/main/103700009000/2025/0000,2026-07-01T17:55:53.745255
097-100-030-000,097-100-030-000,14367 SEAMAN GULCH RD,shasta,2025,56003,CS,HOT,0.95,"$5,400.64",$0.00,"$5,400.64",LATE,LATE,True,https://common2.mptsweb.com/MBC/shasta/tax/main/097100030000/2025/0000,2026-07-01T17:39:47.392703
086-450-033-000,086-450-033-000,20264 MORGAN HILL CT,shasta,2025,2012,CS,HOT,0.95,"$5,344.84",$0.00,"$5,344.84",LATE,LATE,True,https://common2.mptsweb.com/MBC/shasta/tax/main/086450033000/2025/0000,2026-07-01T17:22:15.011408
094-600-027-000,094-600-027-000,28093 HWY 44,shasta,2025,57000,CS,HOT,0.95,"$5,330.44",$0.00,"$5,330.44",LATE,LATE,True,https://common2.mptsweb.com/MBC/shasta/tax/main/094600027000/2025/0000,2026-07-01T17:36:05.335353
075-500-022-000,075-500-022-000,4335 KENSINGTON DR,shasta,2025,3011,CS,HOT,0.95,"$5,315.08",$0.00,"$5,315.08",LATE,LATE,True,https://common2.mptsweb.com/MBC/shasta/tax/main/075500022000/2025/0000,2026-07-01T17:00:30.354749
059-300-030-000,059-300-030-000,9728 DESCHUTES RD,shasta,2025,91002,CS,HOT,0.95,"$5,253.88",$0.00,"$5,253.88",LATE,LATE,True,https://common2.mptsweb.com/MBC/shasta/tax/main/059300030000/2025/0000,2026-07-01T16:23:46.925594
061-500-004-000,061-500-004-000,22198 LANCELOT LN,shasta,2025,110002,CS,HOT,0.95,"$5,253.40",$0.00,"$5,253.40",LATE,LATE,True,https://common2.mptsweb.com/MBC/shasta/tax/main/061500004000/2025/0000,2026-07-01T16:30:46.473324
059-300-043-000,059-300-043-000,9626 DESCHUTES RD,shasta,2025,91002,CS,HOT,0.95,"$5,164.68",$0.00,"$5,164.68",LATE,LATE,True,https://common2.mptsweb.com/MBC/shasta/tax/main/059300043000/2025/0000,2026-07-01T16:23:53.807735
800-002-513-000,101-150-067-000,1801 EUREKA WAY,shasta,2025,1249,CU,HOT,0.95,"$5,082.77",$0.00,"$5,082.77",LATE,Delinquent,True,https://common2.mptsweb.com/MBC/shasta/tax/main/800002513000/2025/0000,2026-07-01T17:45:03.571541
105-450-005-000,105-450-005-000,1538 WEST ST,shasta,2025,1000,CS,HOT,0.95,"$5,039.36",$0.00,"$5,039.36",LATE,LATE,True,https://common2.mptsweb.com/MBC/shasta/tax/main/105450005000/2025/0000,2026-07-01T18:08:17.688478
115-300-008-000,115-300-008-000,11574 QUARTZ HILL RD,shasta,2025,82096,CS,HOT,0.95,"$9,493.80","$4,504.67","$4,989.13",PAID,LATE,True,https://common2.mptsweb.com/MBC/shasta/tax/main/115300008000/2025/0000,2026-07-01T18:50:07.295302
110-350-034-000,110-350-034-000,2361 PETROGLYPH ST,shasta,2025,1059,CS,HOT,0.95,"$4,944.48",$0.00,"$4,944.48",LATE,LATE,True,https://common2.mptsweb.com/MBC/shasta/tax/main/110350034000/2025/0000,2026-07-01T18:29:17.719184
035-500-008-000,035-500-008-000,42463 LEAPING TROUT WAY,shasta,2025,77009,CS,HOT,0.95,"$4,921.62",$0.00,"$4,921.62",LATE,LATE,True,https://common2.mptsweb.com/MBC/shasta/tax/main/035500008000/2025/0000,2026-07-01T07:33:09.120519
102-150-011-000,102-150-011-000,1835 PARK MARINA DR,shasta,2025,1000,CS,HOT,0.95,"$9,318.58","$4,421.23","$4,897.35",PAID,LATE,True,https://common2.mptsweb.com/MBC/shasta/tax/main/102150011000/2025/0000,2026-07-01T17:48:00.714199
109-150-038-001,109-150-038-000,2960 HARTNELL AVE,shasta,2025,1002,CS,HOT,0.95,"$4,859.86",$0.00,"$4,859.86",Delinquent,LATE,True,https://common2.mptsweb.com/MBC/shasta/tax/main/109150038001/2025/0000,2026-07-01T18:21:50.385427
064-150-086-000,064-150-086-000,,shasta,2025,3008,CS,HOT,0.95,"$4,845.76",$0.00,"$4,845.76",LATE,LATE,True,https://common2.mptsweb.com/MBC/shasta/tax/main/064150086000/2025/0000,2026-07-01T16:32:01.055854
116-500-005-000,116-500-005-000,1798 STETSON WAY,shasta,2025,1176,CS,HOT,0.95,"$4,819.18",$0.00,"$4,819.18",LATE,LATE,True,https://common2.mptsweb.com/MBC/shasta/tax/main/116500005000/2025/0000,2026-07-01T18:55:46.440625
096-250-014-000,096-250-014-000,7902 AIRPORT WAY,shasta,2025,57014,CS,HOT,0.95,"$1,995.78",$0.00,"$1,995.78",LATE,LATE,True,https://common2.mptsweb.com/MBC/shasta/tax/main/096250014000/2025/0000,2026-07-01T17:38:54.799117
990-183-004-000,091-350-005-000,5295 BALLS FERRY RD,shasta,2025,52009,SS,HOT,0.95,"$1,995.35",$0.00,"$1,995.35",LATE,DUE,True,https://common2.mptsweb.com/MBC/shasta/tax/main/990183004000/2025/0000,2026-07-01T17:30:28.095904
990-185-078-000,114-050-021-000,1113 ONA LN,shasta,2025,1007,SS,HOT,0.95,"$1,971.71",$0.00,"$1,971.71",LATE,DUE,True,https://common2.mptsweb.com/MBC/shasta/tax/main/990185078000/2025/0000,2026-07-01T18:44:56.508475
049-300-039-000,049-300-039-000,2014 SYCAMORE DR,shasta,2025,1143,CS,HOT,0.95,"$1,970.46",$0.00,"$1,970.46",LATE,LATE,True,https://common2.mptsweb.com/MBC/shasta/tax/main/049300039000/2025/0000,2026-07-01T07:46:41.557131
023-450-024-000,023-450-024-000,26703 ALPINE WAY,shasta,2025,77004,CS,HOT,0.95,"$1,967.42",$0.00,"$1,967.42",LATE,LATE,True,https://common2.mptsweb.com/MBC/shasta/tax/main/023450024000/2025/0000,2026-07-01T07:17:55.277844
041-550-037-001,041-550-037-000,7683 PLACER RD,shasta,2025,83001,CS,HOT,0.95,"$1,966.71",$0.00,"$1,966.71",Delinquent,DUE,True,https://common2.mptsweb.com/MBC/shasta/tax/main/041550037001/2025/0000,2026-07-01T07:35:31.332117
990-183-598-000,005-600-040-000,4345 WILLIAMETTE ST,shasta,2025,3026,SS,HOT,0.95,"$1,951.63",$0.00,"$1,951.63",LATE,DUE,True,https://common2.mptsweb.com/MBC/shasta/tax/main/990183598000/2025/0000,2026-07-01T06:52:15.856563
800-009-553-000,107-300-033-000,1611 HILLTOP DR #K,shasta,2025,1108,DU,HOT,0.95,"$1,951.16",$0.00,"$1,951.16",LATE,Delinquent,True,https://common2.mptsweb.com/MBC/shasta/tax/main/800009553000/2025/0000,2026-07-01T18:11:26.065774
107-300-038-000,107-300-038-000,1620 CANBY RD,shasta,2025,1108,CS,HOT,0.95,"$1,942.76",$0.00,"$1,942.76",LATE,LATE,True,https://common2.mptsweb.com/MBC/shasta/tax/main/107300038000/2025/0000,2026-07-01T18:11:33.606508
094-350-004-000,094-350-004-000,29864 WESTMOORE RD,shasta,2025,57011,CS,HOT,0.95,"$1,933.88",$0.00,"$1,933.88",LATE,LATE,True,https://common2.mptsweb.com/MBC/shasta/tax/main/094350004000/2025/0000,2026-07-01T17:35:02.703182
005-250-061-000,005-250-061-000,4765 SHASTA DAM BLVD,shasta,2025,3026,CS,HOT,0.95,"$3,830.82","$1,898.41","$1,932.41",PAID,LATE,True,https://common2.mptsweb.com/MBC/shasta/tax/main/005250061000/2025/0000,2026-07-01T06:50:29.170659
102-100-019-000,102-100-019-000,2390 ATHENS AVE,shasta,2025,1000,CS,HOT,0.95,"$1,912.26",$0.00,"$1,912.26",LATE,LATE,True,https://common2.mptsweb.com/MBC/shasta/tax/main/102100019000/2025/0000,2026-07-01T17:47:03.517903
990-183-290-000,054-150-054-000,4891 ALTA SAGA DR,shasta,2025,1050,SS,HOT,0.95,"$1,909.38",$0.00,"$1,909.38",LATE,LATE,True,https://common2.mptsweb.com/MBC/shasta/tax/main/990183290000/2025/0000,2026-07-01T07:59:13.664093
079-450-004-000,079-450-004-000,21632 OLD ALTURAS RD,shasta,2025,56002,CS,HOT,0.95,"$3,782.06","$1,874.03","$1,908.03",PAID,LATE,True,https://common2.mptsweb.com/MBC/shasta/tax/main/079450004000/2025/0000,2026-07-01T17:14:53.759508
101-750-008-000,101-750-008-000,1440 LINCOLN ST,shasta,2025,1249,CS,HOT,0.95,"$1,899.92",$0.00,"$1,899.92",LATE,LATE,True,https://common2.mptsweb.com/MBC/shasta/tax/main/101750008000/2025/0000,2026-07-01T17:45:21.622244
990-182-697-000,104-600-014-000,3525 ELIZABETH WAY,shasta,2025,1000,SS,HOT,0.95,"$1,890.28",$0.00,"$1,890.28",LATE,LATE,True,https://common2.mptsweb.com/MBC/shasta/tax/main/990182697000/2025/0000,2026-07-01T18:04:03.182746
054-050-016-000,054-050-016-000,8980 CHRISTOPHER LN,shasta,2025,91000,CS,HOT,0.95,"$1,890.22",$0.00,"$1,890.22",LATE,LATE,True,https://common2.mptsweb.com/MBC/shasta/tax/main/054050016000/2025/0000,2026-07-01T07:57:42.634796
067-450-014-000,067-450-014-000,2237 DEERFIELD AVE,shasta,2025,1002,CS,HOT,0.95,"$3,538.79","$1,668.95","$1,869.84",PAID,LATE,True,https://common2.mptsweb.com/MBC/shasta/tax/main/067450014000/2025/0000,2026-07-01T16:38:55.372630
061-150-005-000,061-150-005-000,10723 SWEDE CREEK RD,shasta,2025,110002,CS,HOT,0.95,"$1,852.70",$0.00,"$1,852.70",LATE,LATE,True,https://common2.mptsweb.com/MBC/shasta/tax/main/061150005000/2025/0000,2026-07-01T16:28:44.013010
057-550-001-000,057-550-001-000,24294 DERSCH RD,shasta,2025,144082,CS,HOT,0.95,"$3,501.98","$1,651.42","$1,850.56",PAID,LATE,True,https://common2.mptsweb.com/MBC/shasta/tax/main/057550001000/2025/0000,2026-07-01T08:18:54.012816
990-183-151-000,068-400-034-000,3082 LAWRENCE RD,shasta,2025,1002,SS,HOT,0.95,"$1,835.62",$0.00,"$1,835.62",LATE,LATE,True,https://common2.mptsweb.com/MBC/shasta/tax/main/990183151000/2025/0000,2026-07-01T16:41:42.112736
113-100-033-000,113-100-033-000,800 LAKE BLVD,shasta,2025,1333,CS,HOT,0.95,"$1,827.04",$0.00,"$1,827.04",LATE,LATE,True,https://common2.mptsweb.com/MBC/shasta/tax/main/113100033000/2025/0000,2026-07-01T18:36:08.942239
114-250-017-000,114-250-017-000,3749 MAGNUMS WAY,shasta,2025,1015,CS,HOT,0.95,"$1,817.16",$0.00,"$1,817.16",LATE,LATE,True,https://common2.mptsweb.com/MBC/shasta/tax/main/114250017000/2025/0000,2026-07-01T18:46:11.685491
060-700-010-000,060-700-010-000,,shasta,2025,103005,CS,HOT,0.95,"$1,805.38",$0.00,"$1,805.38",LATE,LATE,True,https://common2.mptsweb.com/MBC/shasta/tax/main/060700010000/2025/0000,2026-07-01T16:27:49.588264
088-150-017-000,088-150-017-000,3292 FOOTHILL VISTA DR,shasta,2025,144073,CS,HOT,0.95,"$1,795.46",$0.00,"$1,795.46",LATE,LATE,True,https://common2.mptsweb.com/MBC/shasta/tax/main/088150017000/2025/0000,2026-07-01T17:25:26.219986
101-750-006-000,101-750-006-000,2042 MARKET ST,shasta,2025,1249,CS,HOT,0.95,"$3,393.93","$1,599.97","$1,793.96",PAID,LATE,True,https://common2.mptsweb.com/MBC/shasta/tax/main/101750006000/2025/0000,2026-07-01T17:45:18.668223
051-150-034-000,051-150-034-000,18812 JESSIE RD,shasta,2025,52023,CS,HOT,0.95,"$3,537.06","$1,751.53","$1,785.53",PAID,LATE,True,https://common2.mptsweb.com/MBC/shasta/tax/main/051150034000/2025/0000,2026-07-01T07:52:42.090298
800-010-694-000,107-300-033-000,1619 HILLTOP DR #A,shasta,2025,1108,CU,HOT,0.95,"$1,778.48",$0.00,"$1,778.48",LATE,Delinquent,True,https://common2.mptsweb.com/MBC/shasta/tax/main/800010694000/2025/0000,2026-07-01T18:11:28.067392
052-350-053-000,052-350-053-000,2460 BALLS FERRY RD,shasta,2025,2004,CS,HOT,0.95,"$1,775.46",$0.00,"$1,775.46",LATE,LATE,True,https://common2.mptsweb.com/MBC/shasta/tax/main/052350053000/2025/0000,2026-07-01T07:57:34.037046
071-200-019-000,071-200-019-000,1779 CAMEO CT,shasta,2025,1016,CS,HOT,0.95,"$3,502.74","$1,734.37","$1,768.37",PAID,LATE,True,https://common2.mptsweb.com/MBC/shasta/tax/main/071200019000/2025/0000,2026-07-01T16:50:10.283084
116-350-065-001,116-350-065-000,1620 COLLYER DR,shasta,2025,1244,CS,HOT,0.85,($996.37),$0.00,$0.00,Delinquent,Delinquent,True,https://common2.mptsweb.com/MBC/shasta/tax/main/116350065001/2025/0000,2026-07-01T18:55:05.652046
990-182-438-000,102-450-007-000,928 CYPRESS AVE,shasta,2025,1249,SS,HOT,0.85,($977.95),($977.95),$0.00,Delinquent,Delinquent,True,https://common2.mptsweb.com/MBC/shasta/tax/main/990182438000/2025/0000,2026-07-01T17:48:52.170106
096-050-005-001,096-050-005-000,7104 ALWARD RD,shasta,2025,57014,CS,HOT,0.85,($975.92),$0.00,$0.00,Delinquent,Delinquent,True,https://common2.mptsweb.com/MBC/shasta/tax/main/096050005001/2025/0000,2026-07-01T17:37:38.853443
990-185-559-000,056-350-040-000,20350 HOLE IN ONE DR #25,shasta,2025,1282,SS,HOT,0.85,($97.99),($97.99),$0.00,Delinquent,Delinquent,True,https://common2.mptsweb.com/MBC/shasta/tax/main/990185559000/2025/0000,2026-07-01T08:16:33.130554
991-181-632-000,073-250-030-000,1779 PLAYER CT,shasta,2025,1188,SS,HOT,0.85,($96.85),($96.85),$0.00,Delinquent,Delinquent,True,https://common2.mptsweb.com/MBC/shasta/tax/main/991181632000/2025/0000,2026-07-01T16:54:04.382031
990-183-372-000,054-850-023-000,5538 MUIR PEAK RD,shasta,2025,1136,SS,HOT,0.85,($96.42),($96.42),$0.00,Delinquent,Delinquent,True,https://common2.mptsweb.com/MBC/shasta/tax/main/990183372000/2025/0000,2026-07-01T08:06:27.934848
991-182-190-000,082-150-019-000,- RIVERVIEW DR,shasta,2025,82103,SS,HOT,0.85,($95.26),($95.26),$0.00,Delinquent,Delinquent,True,https://common2.mptsweb.com/MBC/shasta/tax/main/991182190000/2025/0000,2026-07-01T17:15:22.854566
995-066-111-000,054-950-024-000,3032 RENAULT CT,shasta,2025,1134,SS,HOT,0.85,($94.95),($94.95),$0.00,Delinquent,Delinquent,True,https://common2.mptsweb.com/MBC/shasta/tax/main/995066111000/2025/0000,2026-07-01T08:07:49.447623
991-182-162-000,030-200-074-000,38063 HIGHWAY 299  E,shasta,2025,77027,SS,HOT,0.85,($94.12),($94.12),$0.00,Delinquent,Delinquent,True,https://common2.mptsweb.com/MBC/shasta/tax/main/991182162000/2025/0000,2026-07-01T07:28:54.837288
996-064-585-000,051-150-030-000,6910 LADY SMITH AVE,shasta,2025,52023,SS,HOT,0.85,($923.55),($923.55),$0.00,Delinquent,Delinquent,True,https://common2.mptsweb.com/MBC/shasta/tax/main/996064585000/2025/0000,2026-07-01T07:52:39.980469
990-183-461-000,005-650-003-000,2141 HARDENBROOK AVE,shasta,2025,3026,SS,HOT,0.85,($92.96),($92.96),$0.00,Delinquent,Delinquent,True,https://common2.mptsweb.com/MBC/shasta/tax/main/990183461000/2025/0000,2026-07-01T06:52:26.583875
104-650-005-001,104-650-005-000,1925 WISCONSIN AVE,shasta,2025,1031,CS,HOT,0.85,($911.29),$0.00,$0.00,Delinquent,Delinquent,True,https://common2.mptsweb.com/MBC/shasta/tax/main/104650005001/2025/0000,2026-07-01T18:04:40.714507
990-183-600-001,102-450-012-000,2163 GRAPE AVE,shasta,2025,1249,SS,HOT,0.85,($9.13),($9.13),$0.00,Delinquent,Delinquent,True,https://common2.mptsweb.com/MBC/shasta/tax/main/990183600001/2025/0000,2026-07-01T17:48:56.583538
990-184-268-000,107-350-026-000,960 HARTNELL AVE,shasta,2025,1106,SS,HOT,0.85,($9.01),($9.01),$0.00,Delinquent,Delinquent,True,https://common2.mptsweb.com/MBC/shasta/tax/main/990184268000/2025/0000,2026-07-01T18:11:54.103589
086-550-054-001,086-550-054-000,20202 SOLOMON PEAK DR,shasta,2025,2012,CS,HOT,0.85,($869.20),$0.00,$0.00,Delinquent,Delinquent,True,https://common2.mptsweb.com/MBC/shasta/tax/main/086550054001/2025/0000,2026-07-01T17:23:09.517137
114-400-046-001,114-400-046-000,4459 HONEYCOMB WAY,shasta,2025,1095,CS,HOT,0.85,($865.78),$0.00,$0.00,Delinquent,Delinquent,True,https://common2.mptsweb.com/MBC/shasta/tax/main/114400046001/2025/0000,2026-07-01T18:48:16.200678
991-180-837-001,109-150-021-000,2895 HAWN AVE,shasta,2025,1002,SS,HOT,0.85,($856.50),($856.50),$0.00,Delinquent,Delinquent,True,https://common2.mptsweb.com/MBC/shasta/tax/main/991180837001/2025/0000,2026-07-01T18:21:18.500796
990-185-578-000,056-350-040-000,20350 HOLE IN ONE DR #157,shasta,2025,1282,SS,HOT,0.85,($84.65),($84.65),$0.00,Delinquent,Delinquent,True,https://common2.mptsweb.com/MBC/shasta/tax/main/990185578000/2025/0000,2026-07-01T08:16:34.492716
990-184-158-000,117-500-040-000,1103 GOLDEN GATE TRL,shasta,2025,1113,SS,HOT,0.85,($84.39),($84.39),$0.00,Delinquent,Delinquent,True,https://common2.mptsweb.com/MBC/shasta/tax/main/990184158000/2025/0000,2026-07-01T19:01:24.829017
830-010-965-001,102-650-029-000,3782 THOMASON TRL,shasta,2025,1249,CU,HOT,0.85,($84.13),$0.00,$0.00,Delinquent,Delinquent,True,https://common2.mptsweb.com/MBC/shasta/tax/main/830010965001/2025/0000,2026-07-01T17:51:17.745559
